{
    "id": 64,
    "name": "header",
    "slug": "header",
    "html": "<!doctype html>\r\n<html lang=\"en\">\r\n  <head>\r\n    <meta charset=\"utf-8\">\r\n    <meta name=\"viewport\" content=\"width=device-width, initial-scale=1, shrink-to-fit=no\">\r\n    <meta name=\"description\" content=\"{{$desc}}\">\r\n    <meta name=\"author\" content=\"\">\r\n    <link rel=\"icon\" href=\"\/docs\/4.0\/assets\/img\/favicons\/favicon.ico\">\r\n\r\n    <title>{{:title}}<\/title>\r\n\r\n    <!-- Bootstrap core CSS -->\r\n    <link href=\"{{&bootstrap.min.css}}\" rel=\"stylesheet\">\r\n\r\n    <!-- Custom styles for this template -->\r\n    <link href=\"{{&sticky-footer.css}}\" rel=\"stylesheet\">\r\n  <\/head>\r\n\r\n  <body>",
    "html_minified": "<!doctype html><html lang=\"en\"> <head> <meta charset=\"utf-8\"> <meta name=\"viewport\" content=\"width=device-width, initial-scale=1, shrink-to-fit=no\"> <meta name=\"description\" content=\"This is sample description what say\"> <meta name=\"author\" content=\"\"> <link rel=\"icon\" href=\"\/docs\/4.0\/assets\/img\/favicons\/favicon.ico\"> <title>sample new one<\/title>  <link href=\"https:\/\/firstacademy.s3.ap-south-1.amazonaws.com\/themes\/17\/file_bootstrap.min.css\" rel=\"stylesheet\">  <link href=\"https:\/\/firstacademy.s3.ap-south-1.amazonaws.com\/themes\/17\/file_sticky-footer.css\" rel=\"stylesheet\"> <\/head> <body>",
    "settings": "{\"desc\":\"This is sample description what say\"}",
    "admin": 0,
    "client_id": 14,
    "agency_id": 1,
    "theme_id": "17",
    "user_id": 53,
    "status": 1,
    "created_at": "2021-05-16T15:49:58.000000Z",
    "updated_at": "2021-05-17T05:05:52.000000Z"
}