{
    "id": 65,
    "name": "footer",
    "slug": "footer",
    "html": "<footer class=\"footer\">\r\n      <div class=\"container\">\r\n        <span class=\"text-muted\">{{$footertext}}<\/span>\r\n      <\/div>\r\n    <\/footer>\r\n  <\/body>\r\n<\/html>",
    "html_minified": "<footer class=\"footer\"> <div class=\"container\"> <span class=\"text-muted\">This is a sample text newone<\/span> <\/div> <\/footer> <\/body><\/html>",
    "settings": "{\"footertext\":\"This is a sample text newone\"}",
    "admin": 0,
    "client_id": 14,
    "agency_id": 1,
    "theme_id": "17",
    "user_id": 53,
    "status": 1,
    "created_at": "2021-05-16T15:50:23.000000Z",
    "updated_at": "2021-05-16T17:07:53.000000Z"
}