{
    "id": 25,
    "name": "Root page",
    "slug": "\/",
    "html": "{{@header}}\r\n  <!-- Begin page content -->\r\n    <main role=\"main\" class=\"container\">\r\n      <h1 class=\"mt-5\">{{$heading}}<\/h1>\r\n      <p class=\"lead\">Pin a fixed-height footer to the bottom of the viewport in desktop browsers with this custom HTML and CSS.<\/p>\r\n      <p>Use <a href=\"..\/sticky-footer-navbar\/\">the sticky footer with a fixed navbar<\/a> if need be, too.<\/p>\r\n    <\/main>\r\n{{@footer}}",
    "html_minified": "<!doctype html><html lang=\"en\"> <head> <meta charset=\"utf-8\"> <meta name=\"viewport\" content=\"width=device-width, initial-scale=1, shrink-to-fit=no\"> <meta name=\"description\" content=\"This is sample description\"> <meta name=\"author\" content=\"\"> <link rel=\"icon\" href=\"\/docs\/4.0\/assets\/img\/favicons\/favicon.ico\"> <title>sample new<\/title>  <link href=\"https:\/\/piofx.s3.ap-south-1.amazonaws.com\/themes\/17\/file_bootstrap.min.css\" rel=\"stylesheet\">  <link href=\"https:\/\/piofx.s3.ap-south-1.amazonaws.com\/themes\/17\/file_sticky-footer.css\" rel=\"stylesheet\"> <\/head> <body>  <main role=\"main\" class=\"container\"> <h1 class=\"mt-5\">Sticky<\/h1> <p class=\"lead\">Pin a fixed-height footer to the bottom of the viewport in desktop browsers with this custom HTML and CSS.<\/p> <p>Use <a href=\"..\/sticky-footer-navbar\/\">the sticky footer with a fixed navbar<\/a> if need be, too.<\/p> <\/main><footer class=\"footer\"> <div class=\"container\"> <span class=\"text-muted\">This is a sample text<\/span> <\/div> <\/footer> <\/body><\/html>",
    "settings": "{\"heading\":\"Sticky\"}",
    "admin": 0,
    "client_id": 14,
    "theme_id": 17,
    "agency_id": 1,
    "user_id": 53,
    "status": 1,
    "created_at": "2021-04-02T10:16:03.000000Z",
    "updated_at": "2021-05-16T17:05:25.000000Z"
}