{
    "id": 1,
    "name": "header",
    "slug": "header",
    "html": "<!DOCTYPE html>\r\n<html lang=\"en\">\r\n  <head>\r\n    <!-- Title -->\r\n    <title>{{ :title }}<\/title>\r\n\r\n    <!-- Required Meta Tags Always Come First -->\r\n    <meta charset=\"utf-8\" \/>\r\n    <meta\r\n      name=\"viewport\"\r\n      content=\"width=device-width, initial-scale=1, shrink-to-fit=no\"\r\n    \/>\r\n\t<meta name=\"description\" content=\"{{:description}}\">\r\n    <!-- packetprep Logo -->\r\n    <link rel=\"shortcut icon\" href=\"{{ &logo.jpeg }}\" \/>\r\n    <link href=\"https:\/\/unpkg.com\/aos@2.3.1\/dist\/aos.css\" rel=\"stylesheet\" \/>\r\n\r\n    <!-- Font -->\r\n    <link\r\n      href=\"https:\/\/fonts.googleapis.com\/css?family=Open+Sans:400,600&display=swap\"\r\n      rel=\"stylesheet\"\r\n    \/>\r\n\r\n    <!-- CSS Implementing Plugins -->\r\n    <link\r\n      rel=\"stylesheet\"\r\n      href=\"https:\/\/piofx.s3.ap-south-1.amazonaws.com\/themes\/front\/vendor\/font-awesome\/css\/all.min.css\"\r\n    \/>\r\n    <link\r\n      rel=\"stylesheet\"\r\n      href=\"https:\/\/piofx.s3.ap-south-1.amazonaws.com\/themes\/front\/vendor\/hs-mega-menu\/dist\/hs-mega-menu.min.css\"\r\n    \/>\r\n    <link\r\n      rel=\"stylesheet\"\r\n      href=\"https:\/\/piofx.s3.ap-south-1.amazonaws.com\/themes\/front\/vendor\/slick-carousel\/slick\/slick.css\"\r\n    \/>\r\n    <link rel=\"stylesheet\" href=\"https:\/\/piofx.s3.ap-south-1.amazonaws.com\/themes\/front\/vendor\/aos\/dist\/aos.css\" \/>\r\n    <!-- CSS Front Template -->\r\n    <link rel=\"stylesheet\" href=\"https:\/\/piofx.s3.ap-south-1.amazonaws.com\/themes\/front\/css\/theme.css\" \/>\r\n     <style>\r\n     html{\r\n     overflow-x: hidden;\r\n     }\r\n      .small_hero img{\r\n        display: none;\r\n      }\r\n      @media only screen and (max-width: 768px) {\r\n       .small_hero img {\r\n       display: block;    \r\n       box-sizing: border-box;\r\n      }\r\n      @media only screen and (max-width: 998px) {\r\n       .para_line {\r\n       line-height:28px;\r\n      }\r\n    }\r\n    <\/style>\r\n  <\/head>\r\n  <body style=\"overflow-x: hidden;\">\r\n    <!-- ========== HEADER ========== -->\r\n    <header id=\"header\"\r\n        class=\"header center-aligned-navbar header-bg-transparent header-white-nav-links-lg header-abs-top\"\r\n        style=\"background-color:rgb(35 111 177);\" data-hs-header-options='{\r\n            \"fixMoment\": 1000,\r\n            \"fixEffect\": \"slide\"\r\n          }'>\r\n        <div class=\"header-section\">\r\n            <div id=\"logoAndNav\" class=\"container\">\r\n                <!-- Nav -->\r\n                <nav class=\"js-mega-menu navbar navbar-expand-lg\">\r\n                    <div class=\"navbar-nav-wrap\">\r\n                        <!-- Logo -->\r\n                        <a class=\"navbar-brand navbar-nav-wrap-brand\" href=\"\/\" aria-label=\"Front\">\r\n                            <img src=\"{{ &packetPrepLogo.jpeg }}\" style=\"width: 80px; height: 80px;\"\r\n                                alt=\"Logo\">\r\n                        <\/a>\r\n                        <!-- End Logo -->\r\n\r\n                        <!-- Secondary Content -->\r\n                        <div class=\"navbar-nav-wrap-content text-center\">\r\n                            <div class=\"mr-3 m-lg-0\">\r\n                                <a class=\"btn btn-sm btn-light transition-3d-hover\"\r\n                                    href=\"\/contact\" >\r\n                                    Apply Now\r\n                                <\/a>\r\n                            <\/div>\r\n                        <\/div>\r\n                        <!-- End Secondary Content -->\r\n\r\n                        <!-- Responsive Toggle Button -->\r\n                        <button type=\"button\"\r\n                            class=\"navbar-toggler navbar-nav-wrap-toggler btn btn-icon btn-sm rounded-circle\"\r\n                            aria-label=\"Toggle navigation\" aria-expanded=\"false\" aria-controls=\"navBar\"\r\n                            data-toggle=\"collapse\" data-target=\"#navBar\">\r\n                            <span class=\"navbar-toggler-default\">\r\n                                <svg width=\"14\" height=\"14\" viewBox=\"0 0 18 18\" xmlns=\"http:\/\/www.w3.org\/2000\/svg\">\r\n                                    <path fill=\"currentColor\"\r\n                                        d=\"M17.4,6.2H0.6C0.3,6.2,0,5.9,0,5.5V4.1c0-0.4,0.3-0.7,0.6-0.7h16.9c0.3,0,0.6,0.3,0.6,0.7v1.4C18,5.9,17.7,6.2,17.4,6.2z M17.4,14.1H0.6c-0.3,0-0.6-0.3-0.6-0.7V12c0-0.4,0.3-0.7,0.6-0.7h16.9c0.3,0,0.6,0.3,0.6,0.7v1.4C18,13.7,17.7,14.1,17.4,14.1z\" \/>\r\n                                <\/svg>\r\n                            <\/span>\r\n                            <span class=\"navbar-toggler-toggled\">\r\n                                <svg width=\"14\" height=\"14\" viewBox=\"0 0 18 18\" xmlns=\"http:\/\/www.w3.org\/2000\/svg\">\r\n                                    <path fill=\"currentColor\"\r\n                                        d=\"M11.5,9.5l5-5c0.2-0.2,0.2-0.6-0.1-0.9l-1-1c-0.3-0.3-0.7-0.3-0.9-0.1l-5,5l-5-5C4.3,2.3,3.9,2.4,3.6,2.6l-1,1 C2.4,3.9,2.3,4.3,2.5,4.5l5,5l-5,5c-0.2,0.2-0.2,0.6,0.1,0.9l1,1c0.3,0.3,0.7,0.3,0.9,0.1l5-5l5,5c0.2,0.2,0.6,0.2,0.9-0.1l1-1 c0.3-0.3,0.3-0.7,0.1-0.9L11.5,9.5z\" \/>\r\n                                <\/svg>\r\n                            <\/span>\r\n                        <\/button>\r\n                        <!-- End Responsive Toggle Button -->\r\n\r\n                        <!-- Navigation -->\r\n                        <div id=\"navBar\" class=\"collapse navbar-collapse navbar-nav-wrap-collapse\">\r\n                            <div class=\"navbar-body header-abs-top-inner\">\r\n                                <ul class=\"navbar-nav\">\r\n                                    <!-- Home -->\r\n                                    <li class=\"hs-has-mega-menu navbar-nav-item mx-3\">\r\n                                        <a id=\"homeMegaMenu\" class=\"hs-mega-menu-invoker nav-link \" href=\"\/\"\r\n                                            aria-haspopup=\"true\" aria-expanded=\"false\">Home<\/a>\r\n\r\n                                        <!-- Home - Mega Menu -->\r\n                                        <div class=\"hs-mega-menu\" aria-labelledby=\"homeMegaMenu\">\r\n\r\n                                        <\/div>\r\n                                        <!-- End Home - Mega Menu -->\r\n                                    <\/li>\r\n                                    <!-- End Home -->\r\n                                   \r\n                                    <!-- Curriculum -->\r\n                                    <li class=\"hs-has-sub-menu navbar-nav-item mx-3\">\r\n                                        <a id=\"pagesMegaMenu\" class=\"hs-mega-menu-invoker nav-link\"\r\n                                            href=\"\/curriculum\" aria-haspopup=\"true\" aria-expanded=\"false\"\r\n                                            aria-labelledby=\"pagesSubMenu\">Curriculum<\/a>\r\n\r\n                                        <!-- Curriculum - Submenu -->\r\n                                        <div id=\"pagesSubMenu\" class=\"hs-sub-menu \" aria-labelledby=\"pagesMegaMenu\"\r\n                                            style=\"min-width: 230px;\">\r\n                                        <\/div>\r\n                                        <!-- End Curriculum - Submenu -->\r\n                                    <\/li>\r\n                                    <!-- End Curriculum -->\r\n\r\n                                    <!-- FAQ -->\r\n                                    <li class=\"hs-has-sub-menu navbar-nav-item mx-3\">\r\n                                        <a id=\"blogMegaMenu\" class=\"hs-mega-menu-invoker nav-link \" href=\"\/faq\"\r\n                                            aria-haspopup=\"true\" aria-expanded=\"false\"\r\n                                            aria-labelledby=\"blogSubMenu\">FAQ<\/a>\r\n\r\n                                        <!-- FAQ - Submenu -->\r\n                                        <div id=\"blogSubMenu\" class=\"hs-sub-menu \" aria-labelledby=\"blogMegaMenu\"\r\n                                            style=\"min-width: 230px;\">\r\n\r\n                                        <\/div>\r\n                                        <!-- End Submenu -->\r\n                                    <\/li>\r\n                                    <!-- End FAQ -->\r\n\r\n                                    <!-- Scholarship -->\r\n                                    <li class=\"hs-has-mega-menu navbar-nav-item mx-3\" data-hs-mega-menu-item-options='{\r\n                        \"desktop\": {\r\n                          \"position\": \"right\",\r\n                          \"maxWidth\": \"440px\"\r\n                        }\r\n                      }'>\r\n                                        <a id=\"shopMegaMenu\" class=\"hs-mega-menu-invoker nav-link\"\r\n                                            href=\"\/scholarship\" aria-haspopup=\"true\"\r\n                                            aria-expanded=\"false\">Scholarship<\/a>\r\n\r\n                                        <!-- Scholarship - Mega Menu -->\r\n                                        <div class=\"hs-mega-menu \" aria-labelledby=\"shopMegaMenu\">\r\n\r\n                                        <\/div>\r\n                                        <!-- End Scholarship- Mega Menu -->\r\n                                    <\/li>\r\n                                    <!-- End Scholarship -->\r\n\r\n                                    <!-- Fees -->\r\n                                    <li class=\"hs-has-mega-menu navbar-nav-item mx-3 \" data-hs-mega-menu-item-options='{\r\n                        \"desktop\": {\r\n                          \"position\": \"right\",\r\n                          \"maxWidth\": \"260px\"\r\n                        }\r\n                      }'>\r\n                                        <a id=\"docsMegaMenu\" class=\"hs-mega-menu-invoker nav-link\" href=\"\/fees\"\r\n                                            aria-haspopup=\"true\" aria-expanded=\"false\">Fees<\/a>\r\n\r\n                                        <!-- Fees - Submenu -->\r\n                                        <div class=\"hs-mega-menu \" aria-labelledby=\"docsMegaMenu\"\r\n                                            style=\"min-width: 330px;\">\r\n\r\n                                        <\/div>\r\n                                        <!-- End Fees - Submenu -->\r\n                                    <\/li>\r\n                                    <!-- End Fees -->\r\n                                <\/ul>\r\n                            <\/div>\r\n                        <\/div>\r\n                        <!-- End Navigation -->\r\n                    <\/div>\r\n                <\/nav>\r\n                <!-- End Nav -->\r\n            <\/div>\r\n        <\/div>\r\n    <\/header>\r\n    <!-- ========== END HEADER ========== -->",
    "html_minified": "<!DOCTYPE html><html lang=\"en\"> <head>  <title>Job Guaranteed Training Program | Java Fullstack | Pay after placement| Hyderabad | Packetprep<\/title>  <meta charset=\"utf-8\" \/> <meta name=\"viewport\" content=\"width=device-width, initial-scale=1, shrink-to-fit=no\" \/><meta name=\"description\" content=\"Excellent training to help you crack a technical job in top MNC where you pay the fee only after placement. \">  <link rel=\"shortcut icon\" href=\"https:\/\/piofx.s3.ap-south-1.amazonaws.com\/themes\/14\/file_logo.jpeg\" \/> <link href=\"https:\/\/unpkg.com\/aos@2.3.1\/dist\/aos.css\" rel=\"stylesheet\" \/>  <link href=\"https:\/\/fonts.googleapis.com\/css?family=Open+Sans:400,600&display=swap\" rel=\"stylesheet\" \/>  <link rel=\"stylesheet\" href=\"https:\/\/piofx.s3.ap-south-1.amazonaws.com\/themes\/front\/vendor\/font-awesome\/css\/all.min.css\" \/> <link rel=\"stylesheet\" href=\"https:\/\/piofx.s3.ap-south-1.amazonaws.com\/themes\/front\/vendor\/hs-mega-menu\/dist\/hs-mega-menu.min.css\" \/> <link rel=\"stylesheet\" href=\"https:\/\/piofx.s3.ap-south-1.amazonaws.com\/themes\/front\/vendor\/slick-carousel\/slick\/slick.css\" \/> <link rel=\"stylesheet\" href=\"https:\/\/piofx.s3.ap-south-1.amazonaws.com\/themes\/front\/vendor\/aos\/dist\/aos.css\" \/>  <link rel=\"stylesheet\" href=\"https:\/\/piofx.s3.ap-south-1.amazonaws.com\/themes\/front\/css\/theme.css\" \/> <style> html{ overflow-x: hidden; } .small_hero img{ display: none; } @media only screen and (max-width: 768px) { .small_hero img { display: block; box-sizing: border-box; } @media only screen and (max-width: 998px) { .para_line { line-height:28px; } } <\/style> <\/head> <body style=\"overflow-x: hidden;\">  <header id=\"header\" class=\"header center-aligned-navbar header-bg-transparent header-white-nav-links-lg header-abs-top\" style=\"background-color:rgb(35 111 177);\" data-hs-header-options='{ \"fixMoment\": 1000, \"fixEffect\": \"slide\" }'> <div class=\"header-section\"> <div id=\"logoAndNav\" class=\"container\">  <nav class=\"js-mega-menu navbar navbar-expand-lg\"> <div class=\"navbar-nav-wrap\">  <a class=\"navbar-brand navbar-nav-wrap-brand\" href=\"\/\" aria-label=\"Front\"> <img src=\"https:\/\/piofx.s3.ap-south-1.amazonaws.com\/themes\/14\/file_packetPrepLogo.jpeg\" style=\"width: 80px; height: 80px;\" alt=\"Logo\"> <\/a>   <div class=\"navbar-nav-wrap-content text-center\"> <div class=\"mr-3 m-lg-0\"> <a class=\"btn btn-sm btn-light transition-3d-hover\" href=\"\/contact\" > Apply Now <\/a> <\/div> <\/div>   <button type=\"button\" class=\"navbar-toggler navbar-nav-wrap-toggler btn btn-icon btn-sm rounded-circle\" aria-label=\"Toggle navigation\" aria-expanded=\"false\" aria-controls=\"navBar\" data-toggle=\"collapse\" data-target=\"#navBar\"> <span class=\"navbar-toggler-default\"> <svg width=\"14\" height=\"14\" viewBox=\"0 0 18 18\" xmlns=\"http:\/\/www.w3.org\/2000\/svg\"> <path fill=\"currentColor\" d=\"M17.4,6.2H0.6C0.3,6.2,0,5.9,0,5.5V4.1c0-0.4,0.3-0.7,0.6-0.7h16.9c0.3,0,0.6,0.3,0.6,0.7v1.4C18,5.9,17.7,6.2,17.4,6.2z M17.4,14.1H0.6c-0.3,0-0.6-0.3-0.6-0.7V12c0-0.4,0.3-0.7,0.6-0.7h16.9c0.3,0,0.6,0.3,0.6,0.7v1.4C18,13.7,17.7,14.1,17.4,14.1z\" \/> <\/svg> <\/span> <span class=\"navbar-toggler-toggled\"> <svg width=\"14\" height=\"14\" viewBox=\"0 0 18 18\" xmlns=\"http:\/\/www.w3.org\/2000\/svg\"> <path fill=\"currentColor\" d=\"M11.5,9.5l5-5c0.2-0.2,0.2-0.6-0.1-0.9l-1-1c-0.3-0.3-0.7-0.3-0.9-0.1l-5,5l-5-5C4.3,2.3,3.9,2.4,3.6,2.6l-1,1 C2.4,3.9,2.3,4.3,2.5,4.5l5,5l-5,5c-0.2,0.2-0.2,0.6,0.1,0.9l1,1c0.3,0.3,0.7,0.3,0.9,0.1l5-5l5,5c0.2,0.2,0.6,0.2,0.9-0.1l1-1 c0.3-0.3,0.3-0.7,0.1-0.9L11.5,9.5z\" \/> <\/svg> <\/span> <\/button>   <div id=\"navBar\" class=\"collapse navbar-collapse navbar-nav-wrap-collapse\"> <div class=\"navbar-body header-abs-top-inner\"> <ul class=\"navbar-nav\">  <li class=\"hs-has-mega-menu navbar-nav-item mx-3\"> <a id=\"homeMegaMenu\" class=\"hs-mega-menu-invoker nav-link \" href=\"\/\" aria-haspopup=\"true\" aria-expanded=\"false\">Home<\/a>  <div class=\"hs-mega-menu\" aria-labelledby=\"homeMegaMenu\"> <\/div>  <\/li>   <li class=\"hs-has-sub-menu navbar-nav-item mx-3\"> <a id=\"pagesMegaMenu\" class=\"hs-mega-menu-invoker nav-link\" href=\"\/curriculum\" aria-haspopup=\"true\" aria-expanded=\"false\" aria-labelledby=\"pagesSubMenu\">Curriculum<\/a>  <div id=\"pagesSubMenu\" class=\"hs-sub-menu \" aria-labelledby=\"pagesMegaMenu\" style=\"min-width: 230px;\"> <\/div>  <\/li>   <li class=\"hs-has-sub-menu navbar-nav-item mx-3\"> <a id=\"blogMegaMenu\" class=\"hs-mega-menu-invoker nav-link \" href=\"\/faq\" aria-haspopup=\"true\" aria-expanded=\"false\" aria-labelledby=\"blogSubMenu\">FAQ<\/a>  <div id=\"blogSubMenu\" class=\"hs-sub-menu \" aria-labelledby=\"blogMegaMenu\" style=\"min-width: 230px;\"> <\/div>  <\/li>   <li class=\"hs-has-mega-menu navbar-nav-item mx-3\" data-hs-mega-menu-item-options='{ \"desktop\": { \"position\": \"right\", \"maxWidth\": \"440px\" } }'> <a id=\"shopMegaMenu\" class=\"hs-mega-menu-invoker nav-link\" href=\"\/scholarship\" aria-haspopup=\"true\" aria-expanded=\"false\">Scholarship<\/a>  <div class=\"hs-mega-menu \" aria-labelledby=\"shopMegaMenu\"> <\/div>  <\/li>   <li class=\"hs-has-mega-menu navbar-nav-item mx-3 \" data-hs-mega-menu-item-options='{ \"desktop\": { \"position\": \"right\", \"maxWidth\": \"260px\" } }'> <a id=\"docsMegaMenu\" class=\"hs-mega-menu-invoker nav-link\" href=\"\/fees\" aria-haspopup=\"true\" aria-expanded=\"false\">Fees<\/a>  <div class=\"hs-mega-menu \" aria-labelledby=\"docsMegaMenu\" style=\"min-width: 330px;\"> <\/div>  <\/li>  <\/ul> <\/div> <\/div>  <\/div> <\/nav>  <\/div> <\/div> <\/header> ",
    "settings": null,
    "admin": 1,
    "client_id": 12,
    "agency_id": 1,
    "theme_id": 14,
    "user_id": 43,
    "status": 1,
    "created_at": "2021-03-02T10:23:15.000000Z",
    "updated_at": "2021-05-05T08:30:34.000000Z"
}