{
    "id": 15,
    "name": "ScholarshipTest",
    "slug": "scholarship",
    "html": "{{@header}}\r\n<!-- ========== MAIN ========== -->\r\n    <main id=\"content\" role=\"main\">\r\n      <!-- Hero Section -->\r\n      <div class=\"bg-light\">\r\n        <div class=\"container space-top-3\">\r\n          <div class=\"row d-flex align-items-center py-lg-5\">\r\n            <div class=\"col-md-6 text-center mt-3 mt-lg-0\">\r\n              <h1>Packet Prep<\/h1>\r\n              <h1>Scholarship Test<\/h1>\r\n              <h4 class=\"pt-lg-1\">If you are not interested for pay after placement then you can <span class=\"para_line\"> opt for pre-payment with scholarship. <\/span><\/h4>\r\n            <\/div>\r\n\r\n            <div class=\"col-md-5 mt-5\">\r\n              <!-- SVG Icon -->\r\n              <img\r\n                class=\"img-fluid\"\r\n                src=\"{{ &knowledgebase-community-1.svg }}\"\r\n                alt=\"Image Description\"\r\n              \/>\r\n              <!-- End SVG Icon -->\r\n            <\/div>\r\n          <\/div>\r\n        <\/div>\r\n      <\/div>\r\n      <!-- End Hero Section -->\r\n      <!---------table section------>\r\n      <div class=\"bg-soft-light py-6 text-center col-lg-12 col-sm-12\">\r\n        <div class=\"container\">\r\n          <h2 class=\"mb-4\">Test Syllabus<\/h2>\r\n          <table\r\n            border=\"2px\"\r\n            class=\"question_pattern mx-auto p-4 text-center table\"\r\n          >\r\n            <thead class=\"text-dark font-weight-bold bg-soft-primary\">\r\n              <td><\/td>\r\n              <td>Question<\/td>\r\n              <td>Duration<\/td>\r\n            <\/thead>\r\n            <tr>\r\n              <td>Aptitude<\/td>\r\n              <td>20 Q<\/td>\r\n              <td>30 min<\/td>\r\n            <\/tr>\r\n            <tr>\r\n              <td>Verbal<\/td>\r\n              <td>50 Q<\/td>\r\n              <td>30 min<\/td>\r\n            <\/tr>\r\n            <tr>\r\n              <td>Programming Concepts<\/td>\r\n              <td>30 Q<\/td>\r\n              <td>30 min<\/td>\r\n            <\/tr>\r\n            <tr>\r\n              <td><\/td>\r\n              <td>100 Q<\/td>\r\n              <td>90 mins<\/td>\r\n            <\/tr>\r\n          <\/table>\r\n        <\/div>\r\n      <\/div>\r\n      <!--------- End table section------>\r\n      <!-------scholoship table---------->\r\n      <div class=\"bg-soft-info py-6 col-lg-12 col-sm-12 mt-5\">\r\n        <div class=\"container\">\r\n          <h2 class=\"text-center mb-4\">Scholarship Criteria<\/h2>\r\n          <table\r\n            border=\"2px\"\r\n            class=\"mx-auto p-4 text-center table table-striped table-hover border-dark\"\r\n          >\r\n            <thead class=\"text-light font-weight-bold bg-info\">\r\n              <td>Fee Wavier<\/td>\r\n              <td>Criteria<\/td>\r\n              <td>\r\n                Price Break up <br \/>\r\n                [Training + Material + GST]\r\n              <\/td>\r\n              <td>Effective Cost<\/td>\r\n            <\/thead>\r\n            <tr>\r\n              <td>100% OFF<\/td>\r\n              <td>Score above 85<\/td>\r\n              <td>Rs. 0 + Rs. 5000 + Rs. 900<\/td>\r\n              <td>Rs. 5,900<\/td>\r\n            <\/tr>\r\n            <tr>\r\n              <td>70% OFF<\/td>\r\n              <td>Score 60 to 84<\/td>\r\n              <td>Rs. 9000 + Rs. 5000 + Rs. 2520<\/td>\r\n              <td>Rs. 16,520<\/td>\r\n            <\/tr>\r\n            <tr>\r\n              <td>50% OFF<\/td>\r\n              <td>Score 40 to 59<\/td>\r\n              <td>Rs. 15000 + Rs. 5000 + Rs. 3600<\/td>\r\n              <td>Rs. 23,600<\/td>\r\n            <\/tr>\r\n            <tr>\r\n              <td>20% OFF<\/td>\r\n              <td>Score 25 to 39<\/td>\r\n              <td>Rs. 24000 + Rs. 5000 + Rs. 5220<\/td>\r\n              <td>Rs. 34,220<\/td>\r\n            <\/tr>\r\n          <\/table>\r\n        <\/div>\r\n      <\/div>\r\n      <!------- End scholoship table---------->\r\n    <\/main>\r\n    <!-- ========== END MAIN ========== -->\r\n   {{@footer}}",
    "html_minified": "<!DOCTYPE html><html lang=\"en\"> <head>  <title>Job Guaranteed Training Program | Java Fullstack | Pay after placement| Hyderabad | Packetprep<\/title>  <meta charset=\"utf-8\" \/> <meta name=\"viewport\" content=\"width=device-width, initial-scale=1, shrink-to-fit=no\" \/><meta name=\"description\" content=\"Excellent training to help you crack a technical job in top MNC where you pay the fee only after placement. \">  <link rel=\"shortcut icon\" href=\"https:\/\/piofx.s3.ap-south-1.amazonaws.com\/themes\/14\/file_logo.jpeg\" \/> <link href=\"https:\/\/unpkg.com\/aos@2.3.1\/dist\/aos.css\" rel=\"stylesheet\" \/>  <link href=\"https:\/\/fonts.googleapis.com\/css?family=Open+Sans:400,600&display=swap\" rel=\"stylesheet\" \/>  <link rel=\"stylesheet\" href=\"https:\/\/piofx.s3.ap-south-1.amazonaws.com\/themes\/front\/vendor\/font-awesome\/css\/all.min.css\" \/> <link rel=\"stylesheet\" href=\"https:\/\/piofx.s3.ap-south-1.amazonaws.com\/themes\/front\/vendor\/hs-mega-menu\/dist\/hs-mega-menu.min.css\" \/> <link rel=\"stylesheet\" href=\"https:\/\/piofx.s3.ap-south-1.amazonaws.com\/themes\/front\/vendor\/slick-carousel\/slick\/slick.css\" \/> <link rel=\"stylesheet\" href=\"https:\/\/piofx.s3.ap-south-1.amazonaws.com\/themes\/front\/vendor\/aos\/dist\/aos.css\" \/>  <link rel=\"stylesheet\" href=\"https:\/\/piofx.s3.ap-south-1.amazonaws.com\/themes\/front\/css\/theme.css\" \/> <style> html{ overflow-x: hidden; } .small_hero img{ display: none; } @media only screen and (max-width: 768px) { .small_hero img { display: block; box-sizing: border-box; } @media only screen and (max-width: 998px) { .para_line { line-height:28px; } } <\/style> <\/head> <body style=\"overflow-x: hidden;\">  <header id=\"header\" class=\"header center-aligned-navbar header-bg-transparent header-white-nav-links-lg header-abs-top\" style=\"background-color:rgb(35 111 177);\" data-hs-header-options='{ \"fixMoment\": 1000, \"fixEffect\": \"slide\" }'> <div class=\"header-section\"> <div id=\"logoAndNav\" class=\"container\">  <nav class=\"js-mega-menu navbar navbar-expand-lg\"> <div class=\"navbar-nav-wrap\">  <a class=\"navbar-brand navbar-nav-wrap-brand\" href=\"\/\" aria-label=\"Front\"> <img src=\"https:\/\/piofx.s3.ap-south-1.amazonaws.com\/themes\/14\/file_packetPrepLogo.jpeg\" style=\"width: 80px; height: 80px;\" alt=\"Logo\"> <\/a>   <div class=\"navbar-nav-wrap-content text-center\"> <div class=\"mr-3 m-lg-0\"> <a class=\"btn btn-sm btn-light transition-3d-hover\" href=\"\/contact\" > Apply Now <\/a> <\/div> <\/div>   <button type=\"button\" class=\"navbar-toggler navbar-nav-wrap-toggler btn btn-icon btn-sm rounded-circle\" aria-label=\"Toggle navigation\" aria-expanded=\"false\" aria-controls=\"navBar\" data-toggle=\"collapse\" data-target=\"#navBar\"> <span class=\"navbar-toggler-default\"> <svg width=\"14\" height=\"14\" viewBox=\"0 0 18 18\" xmlns=\"http:\/\/www.w3.org\/2000\/svg\"> <path fill=\"currentColor\" d=\"M17.4,6.2H0.6C0.3,6.2,0,5.9,0,5.5V4.1c0-0.4,0.3-0.7,0.6-0.7h16.9c0.3,0,0.6,0.3,0.6,0.7v1.4C18,5.9,17.7,6.2,17.4,6.2z M17.4,14.1H0.6c-0.3,0-0.6-0.3-0.6-0.7V12c0-0.4,0.3-0.7,0.6-0.7h16.9c0.3,0,0.6,0.3,0.6,0.7v1.4C18,13.7,17.7,14.1,17.4,14.1z\" \/> <\/svg> <\/span> <span class=\"navbar-toggler-toggled\"> <svg width=\"14\" height=\"14\" viewBox=\"0 0 18 18\" xmlns=\"http:\/\/www.w3.org\/2000\/svg\"> <path fill=\"currentColor\" d=\"M11.5,9.5l5-5c0.2-0.2,0.2-0.6-0.1-0.9l-1-1c-0.3-0.3-0.7-0.3-0.9-0.1l-5,5l-5-5C4.3,2.3,3.9,2.4,3.6,2.6l-1,1 C2.4,3.9,2.3,4.3,2.5,4.5l5,5l-5,5c-0.2,0.2-0.2,0.6,0.1,0.9l1,1c0.3,0.3,0.7,0.3,0.9,0.1l5-5l5,5c0.2,0.2,0.6,0.2,0.9-0.1l1-1 c0.3-0.3,0.3-0.7,0.1-0.9L11.5,9.5z\" \/> <\/svg> <\/span> <\/button>   <div id=\"navBar\" class=\"collapse navbar-collapse navbar-nav-wrap-collapse\"> <div class=\"navbar-body header-abs-top-inner\"> <ul class=\"navbar-nav\">  <li class=\"hs-has-mega-menu navbar-nav-item mx-3\"> <a id=\"homeMegaMenu\" class=\"hs-mega-menu-invoker nav-link \" href=\"\/\" aria-haspopup=\"true\" aria-expanded=\"false\">Home<\/a>  <div class=\"hs-mega-menu\" aria-labelledby=\"homeMegaMenu\"> <\/div>  <\/li>   <li class=\"hs-has-sub-menu navbar-nav-item mx-3\"> <a id=\"pagesMegaMenu\" class=\"hs-mega-menu-invoker nav-link\" href=\"\/curriculum\" aria-haspopup=\"true\" aria-expanded=\"false\" aria-labelledby=\"pagesSubMenu\">Curriculum<\/a>  <div id=\"pagesSubMenu\" class=\"hs-sub-menu \" aria-labelledby=\"pagesMegaMenu\" style=\"min-width: 230px;\"> <\/div>  <\/li>   <li class=\"hs-has-sub-menu navbar-nav-item mx-3\"> <a id=\"blogMegaMenu\" class=\"hs-mega-menu-invoker nav-link \" href=\"\/faq\" aria-haspopup=\"true\" aria-expanded=\"false\" aria-labelledby=\"blogSubMenu\">FAQ<\/a>  <div id=\"blogSubMenu\" class=\"hs-sub-menu \" aria-labelledby=\"blogMegaMenu\" style=\"min-width: 230px;\"> <\/div>  <\/li>   <li class=\"hs-has-mega-menu navbar-nav-item mx-3\" data-hs-mega-menu-item-options='{ \"desktop\": { \"position\": \"right\", \"maxWidth\": \"440px\" } }'> <a id=\"shopMegaMenu\" class=\"hs-mega-menu-invoker nav-link\" href=\"\/scholarship\" aria-haspopup=\"true\" aria-expanded=\"false\">Scholarship<\/a>  <div class=\"hs-mega-menu \" aria-labelledby=\"shopMegaMenu\"> <\/div>  <\/li>   <li class=\"hs-has-mega-menu navbar-nav-item mx-3 \" data-hs-mega-menu-item-options='{ \"desktop\": { \"position\": \"right\", \"maxWidth\": \"260px\" } }'> <a id=\"docsMegaMenu\" class=\"hs-mega-menu-invoker nav-link\" href=\"\/fees\" aria-haspopup=\"true\" aria-expanded=\"false\">Fees<\/a>  <div class=\"hs-mega-menu \" aria-labelledby=\"docsMegaMenu\" style=\"min-width: 330px;\"> <\/div>  <\/li>  <\/ul> <\/div> <\/div>  <\/div> <\/nav>  <\/div> <\/div> <\/header>  <main id=\"content\" role=\"main\">  <div class=\"bg-light\"> <div class=\"container space-top-3\"> <div class=\"row d-flex align-items-center py-lg-5\"> <div class=\"col-md-6 text-center mt-3 mt-lg-0\"> <h1>Packet Prep<\/h1> <h1>Scholarship Test<\/h1> <h4 class=\"pt-lg-1\">If you are not interested for pay after placement then you can <span class=\"para_line\"> opt for pre-payment with scholarship. <\/span><\/h4> <\/div> <div class=\"col-md-5 mt-5\">  <img class=\"img-fluid\" src=\"https:\/\/piofx.s3.ap-south-1.amazonaws.com\/themes\/14\/file_knowledgebase-community-1.svg\" alt=\"Image Description\" \/>  <\/div> <\/div> <\/div> <\/div>   <div class=\"bg-soft-light py-6 text-center col-lg-12 col-sm-12\"> <div class=\"container\"> <h2 class=\"mb-4\">Test Syllabus<\/h2> <table border=\"2px\" class=\"question_pattern mx-auto p-4 text-center table\" > <thead class=\"text-dark font-weight-bold bg-soft-primary\"> <td><\/td> <td>Question<\/td> <td>Duration<\/td> <\/thead> <tr> <td>Aptitude<\/td> <td>20 Q<\/td> <td>30 min<\/td> <\/tr> <tr> <td>Verbal<\/td> <td>50 Q<\/td> <td>30 min<\/td> <\/tr> <tr> <td>Programming Concepts<\/td> <td>30 Q<\/td> <td>30 min<\/td> <\/tr> <tr> <td><\/td> <td>100 Q<\/td> <td>90 mins<\/td> <\/tr> <\/table> <\/div> <\/div>   <div class=\"bg-soft-info py-6 col-lg-12 col-sm-12 mt-5\"> <div class=\"container\"> <h2 class=\"text-center mb-4\">Scholarship Criteria<\/h2> <table border=\"2px\" class=\"mx-auto p-4 text-center table table-striped table-hover border-dark\" > <thead class=\"text-light font-weight-bold bg-info\"> <td>Fee Wavier<\/td> <td>Criteria<\/td> <td> Price Break up <br \/> [Training + Material + GST] <\/td> <td>Effective Cost<\/td> <\/thead> <tr> <td>100% OFF<\/td> <td>Score above 85<\/td> <td>Rs. 0 + Rs. 5000 + Rs. 900<\/td> <td>Rs. 5,900<\/td> <\/tr> <tr> <td>70% OFF<\/td> <td>Score 60 to 84<\/td> <td>Rs. 9000 + Rs. 5000 + Rs. 2520<\/td> <td>Rs. 16,520<\/td> <\/tr> <tr> <td>50% OFF<\/td> <td>Score 40 to 59<\/td> <td>Rs. 15000 + Rs. 5000 + Rs. 3600<\/td> <td>Rs. 23,600<\/td> <\/tr> <tr> <td>20% OFF<\/td> <td>Score 25 to 39<\/td> <td>Rs. 24000 + Rs. 5000 + Rs. 5220<\/td> <td>Rs. 34,220<\/td> <\/tr> <\/table> <\/div> <\/div>  <\/main>   <footer class=\"container-fluid pt-5 pb-3 space-top-lg-1 bg-soft-primary\">  <div class=\"row mb-5\"> <div class=\"col-lg-4 ml-lg-auto mb-5 mb-lg-0\">  <div class=\"mb-4\"> <a href=\"\/\" aria-label=\"Front\"> <img class=\"brand\" src=\"https:\/\/piofx.s3.ap-south-1.amazonaws.com\/themes\/14\/file_packetPrepLogo.jpeg\" alt=\"Logo\" \/> <\/a> <\/div>   <ul class=\"nav nav-sm nav-x-0 nav-white flex-column\"> <li class=\"nav-item\"> <a class=\"nav-link media\" href=\"#\"> <span class=\"media\"> <span class=\"fas fa-location-arrow mt-1 mr-2 text-dark\" ><\/span> <span class=\"media-body text-dark\"> Packet Prep, 2nd floor, Oyester Uptown, Above Yum Yum Tree Restaurant, Beside Durgam Cheruvu Metro Station, Madhapur, Hyderabad-500081. <\/span> <\/span> <\/a> <\/li> <li class=\"nav-item\"> <a class=\"nav-link media\" href=\"tel:91-9000045750\"> <span class=\"media\"> <span class=\"fas fa-phone-alt mt-1 mr-2 text-dark\"><\/span> <span class=\"media-body text-dark\"> +91 90000 45750 <\/span> <\/span> <\/a> <\/li> <li class=\"nav-item\"> <a class=\"nav-link media\" href=\"tel:91-9959045750\"> <span class=\"media\"> <span class=\"fas fa-phone-alt mt-1 mr-2 text-dark\"><\/span> <span class=\"media-body text-dark\"> +91 99590 45750 <\/span> <\/span> <\/a> <\/li> <\/ul>  <\/div> <div class=\"col-6 col-md-6 col-lg-3 mb-3 mb-sm-0 pl-md-8\">  <ul class=\"nav nav-sm nav-x-0 flex-column\"> <li class=\"nav-item\"> <a class=\"nav-link\" href=\"\/testimonial\">Testimonials<\/a> <\/li> <li class=\"nav-item\"> <a class=\"nav-link\" href=\"\/curriculum\">Curriculum<\/a> <\/li> <li class=\"nav-item\"> <a class=\"nav-link\" href=\"\/faq\">FAQ <\/a> <\/li> <li class=\"nav-item\"> <a class=\"nav-link\" href=\"\/scholarship\" >Scholarship<\/a > <\/li> <li class=\"nav-item\"> <a class=\"nav-link\" href=\"\/fees\">Fees<\/a> <\/li> <\/ul>  <\/div> <div class=\"col-6 col-md-6 col-lg-3 mb-3 mb-sm-0\">  <ul class=\"nav nav-sm nav-x-0 flex-column\"> <li class=\"nav-item\"> <a class=\"nav-link\" href=\"https:\/\/www.facebook.com\/packetprep\" target=\"_blank\" ><i class=\"fab fa-facebook-square fa-2x\"><\/i ><\/a> <\/li> <li class=\"nav-item\"> <a class=\"nav-link\" href=\"https:\/\/www.instagram.com\/packetprep\/\" target=\"_blank\" ><i class=\"fab fa-instagram fa-2x\"><\/i ><\/a> <\/li> <li class=\"nav-item\"> <a class=\"nav-link\" href=\"https:\/\/mobile.twitter.com\/PacketPrep\" target=\"_blank\" ><i class=\"fab fa-twitter-square fa-2x\"><\/i ><\/a> <\/li> <li class=\"nav-item\"> <a class=\"nav-link\" href=\"https:\/\/www.linkedin.com\/company\/packet-prep\/\" target=\"_blank\" ><i class=\"fab fa-linkedin fa-2x\"><\/i ><\/a> <\/li> <\/ul>  <\/div> <\/div>   <div class=\"row align-items-sm-center mx-5\"> <div class=\"col-sm-12 mb-4 mb-sm-0\"> <p class=\"medium mb-0 text-center\"> &copy; packetprep 2021. All rights reserved. <\/p> <\/div> <\/div>  <\/footer>   <a class=\"js-go-to go-to position-fixed\" href=\"javascript:;\" style=\"visibility: hidden\" data-hs-go-to-options='{ \"offsetTop\": 700, \"position\": { \"init\": { \"right\": 15 }, \"show\": { \"bottom\": 15 }, \"hide\": { \"bottom\": -15 } } }' > <i class=\"fas fa-angle-up\"><\/i> <\/a>   <script src=\"https:\/\/piofx.s3.ap-south-1.amazonaws.com\/themes\/front\/vendor\/jquery\/dist\/jquery.min.js\"><\/script> <script src=\"https:\/\/piofx.s3.ap-south-1.amazonaws.com\/themes\/front\/vendor\/jquery-migrate\/dist\/jquery-migrate.min.js\"><\/script> <script src=\"https:\/\/piofx.s3.ap-south-1.amazonaws.com\/themes\/front\/vendor\/bootstrap\/dist\/js\/bootstrap.bundle.min.js\"><\/script>  <script src=\"https:\/\/piofx.s3.ap-south-1.amazonaws.com\/themes\/front\/vendor\/hs-header\/dist\/hs-header.min.js\"><\/script> <script src=\"https:\/\/piofx.s3.ap-south-1.amazonaws.com\/themes\/front\/vendor\/hs-go-to\/dist\/hs-go-to.min.js\"><\/script> <script src=\"https:\/\/piofx.s3.ap-south-1.amazonaws.com\/themes\/front\/vendor\/hs-unfold\/dist\/hs-unfold.min.js\"><\/script> <script src=\"https:\/\/piofx.s3.ap-south-1.amazonaws.com\/themes\/front\/vendor\/hs-mega-menu\/dist\/hs-mega-menu.min.js\"><\/script> <script src=\"https:\/\/piofx.s3.ap-south-1.amazonaws.com\/themes\/front\/vendor\/slick-carousel\/slick\/slick.js\"><\/script> <script src=\"https:\/\/piofx.s3.ap-south-1.amazonaws.com\/themes\/front\/vendor\/jquery-validation\/dist\/jquery.validate.min.js\"><\/script> <script src=\"https:\/\/piofx.s3.ap-south-1.amazonaws.com\/themes\/front\/vendor\/aos\/dist\/aos.js\"><\/script>  <script src=\"https:\/\/piofx.s3.ap-south-1.amazonaws.com\/themes\/front\/js\/hs.core.js\"><\/script> <script src=\"https:\/\/piofx.s3.ap-south-1.amazonaws.com\/themes\/front\/js\/hs.slick-carousel.js\"><\/script> <script src=\"https:\/\/piofx.s3.ap-south-1.amazonaws.com\/themes\/front\/js\/hs.validation.js\"><\/script> <script src=\"https:\/\/unpkg.com\/aos@2.3.1\/dist\/aos.js\"><\/script> <script src=\"\/js\/contact.js\"><\/script> <script src=\"\/js\/test.js\"><\/script> <script> AOS.init(); <\/script>  <script> $(document).on(\"ready\", function () { var header = new HSHeader($(\"#header\")).init(); var megaMenu = new HSMegaMenu($(\".js-mega-menu\"), { desktop: { position: \"left\", }, }).init(); var unfold = new HSUnfold(\".js-hs-unfold-invoker\").init(); $(\".js-slick-carousel\").each(function () { var slickCarousel = $.HSCore.components.HSSlickCarousel.init($(this)); }); $(\".js-validate\").each(function () { var validation = $.HSCore.components.HSValidation.init($(this)); }); AOS.init({ duration: 650, once: true, }); $(\".js-go-to\").each(function () { var goTo = new HSGoTo($(this)).init(); }); }); <\/script> <\/body><\/html>",
    "settings": null,
    "admin": 1,
    "client_id": 12,
    "theme_id": 14,
    "agency_id": 1,
    "user_id": 44,
    "status": 1,
    "created_at": "2021-03-02T10:51:47.000000Z",
    "updated_at": "2021-05-05T08:30:34.000000Z"
}