{
    "id": 11,
    "name": "home",
    "slug": "\/",
    "html": "{{@header}}\r\n    <!-- ========== MAIN ========== -->\r\n    <main id=\"content\" role=\"main\">\r\n      <!-- Hero Section -->\r\n      <div class=\"d-lg-flex position-relative mb-5 mb-lg-0\">\r\n        <div\r\n          class=\"container d-lg-flex align-items-lg-center space-top-2 space-lg-0 min-vh-lg-100\"\r\n        >\r\n          <!-- Content -->\r\n          <div class=\"w-md-100 small_hero\">\r\n          <img src=\"{{ &codingHero.svg }}\" class=\"img-fluid text-center align-items-center mt-md-8 mt-10 mt-lg-0\" alt=\"no hero\" >\r\n            <div class=\"row\">\r\n              <div class=\"col-lg-5\">\r\n                <div class=\"mb-5 mt-lg-11 mt-4\">\r\n                  <h2 class=\"display-4 mb-3\">\r\n                    Fullstack JAVA Developer Program\r\n                  <\/h2>\r\n                  <p class=\"lead\">Pay after placement.<\/p>\r\n                <\/div>\r\n\r\n                <a\r\n                  class=\"btn btn-primary btn-wide transition-3d-hover\"\r\n                  href=\"\/contact\"\r\n                  >Apply Now<\/a\r\n                >\r\n                \r\n              <\/div>\r\n            <\/div>\r\n          <\/div>\r\n          <!-- End Content -->\r\n\r\n          <!-- SVG Shape -->\r\n          <figure\r\n            class=\"col-lg-7 col-xl-6 d-none d-lg-block position-absolute top-0 right-0 pr-0 ie-main-hero\"\r\n            style=\"margin-top: 4.5rem\"\r\n          >\r\n            <svg\r\n              xmlns=\"http:\/\/www.w3.org\/2000\/svg\"\r\n              x=\"0px\"\r\n              y=\"0px\"\r\n              viewBox=\"0 0 1137.5 979.2\"\r\n            >\r\n              <path\r\n                fill=\"#F9FBFF\"\r\n                d=\"M565.5,957.4c81.1-7.4,155.5-49.3,202.4-115.7C840,739.8,857,570,510.7,348.3C-35.5-1.5-4.2,340.3,2.7,389\r\n            c0.7,4.7,1.2,9.5,1.7,14.2l29.3,321c14,154.2,150.6,267.8,304.9,253.8L565.5,957.4z\"\r\n              \/>\r\n              <defs>\r\n                <path\r\n                  id=\"mainHeroSVG1\"\r\n                  d=\"M1137.5,0H450.4l-278,279.7C22.4,430.6,24.3,675,176.8,823.5l0,0C316.9,960,537.7,968.7,688.2,843.6l449.3-373.4V0z\"\r\n                \/>\r\n              <\/defs>\r\n              <clipPath id=\"mainHeroSVG2\">\r\n                <use xlink:href=\"#mainHeroSVG1\" \/>\r\n              <\/clipPath>\r\n              <g transform=\"matrix(1 0 0 1 0 0)\" clip-path=\"url(#mainHeroSVG2)\">\r\n                <image\r\n                  width=\"750\"\r\n                  height=\"750\"\r\n                  xlink:href=\"{{ &heroimg.jpg }}\"\r\n                  transform=\"matrix(1.4462 0 0 1.4448 52.8755 0)\"\r\n                ><\/image>\r\n              <\/g>\r\n            <\/svg>\r\n          <\/figure>\r\n\r\n          <!-- End SVG Shape -->\r\n        <\/div>\r\n      <\/div>\r\n      <hr \/>\r\n      <!-- End Hero Section -->\r\n      <!-----------companies list---------->\r\n      <!-- Clients Section -->\r\n      <div class=\"container space-1 space-bottom-lg-1\">\r\n        <div class=\"text-center mb-5\">\r\n          <h2>Our students are placed in<\/h2>\r\n        <\/div>\r\n        <div\r\n          class=\"js-slick-carousel slick\"\r\n          data-hs-slick-carousel-options='{\r\n             \"slidesToShow\": 5,\r\n             \"autoplay\": true,\r\n             \"autoplaySpeed\": 3000,\r\n             \"infinite\": true,\r\n             \"responsive\": [{\r\n               \"breakpoint\": 1200,\r\n               \"settings\": {\r\n                 \"slidesToShow\": 4\r\n               }\r\n             }, {\r\n               \"breakpoint\": 992,\r\n               \"settings\": {\r\n                 \"slidesToShow\": 4\r\n               }\r\n             }, {\r\n               \"breakpoint\": 768,\r\n               \"settings\": {\r\n                 \"slidesToShow\": 3\r\n               }\r\n             }, {\r\n               \"breakpoint\": 576,\r\n               \"settings\": {\r\n                 \"slidesToShow\": 3\r\n               }\r\n             }]\r\n           }'\r\n        >\r\n          <div class=\"js-slide\">\r\n            <img\r\n              class=\"max-w-11rem max-w-md-13rem mx-auto\"\r\n              src=\"{{ &tcs.jpg }}\"\r\n              alt=\"Image Description\"\r\n            \/>\r\n          <\/div>\r\n          <div class=\"js-slide\">\r\n            <img\r\n              class=\"max-w-11rem max-w-md-13rem mx-auto\"\r\n              src=\"{{ &infosys.jpg }}\"\r\n              alt=\"Image Description\"\r\n            \/>\r\n          <\/div>\r\n          <div class=\"js-slide\">\r\n            <img\r\n              class=\"max-w-11rem max-w-md-13rem mx-auto\"\r\n              src=\"{{ &accenture.jpg }}\"\r\n              alt=\"Image Description\"\r\n            \/>\r\n          <\/div>\r\n          <div class=\"js-slide\">\r\n            <img\r\n              class=\"max-w-11rem max-w-md-13rem mx-auto\"\r\n              src=\"{{ &wipro.jpg }}\"\r\n              alt=\"Image Description\"\r\n            \/>\r\n          <\/div>\r\n          <div class=\"js-slide\">\r\n            <img\r\n              class=\"max-w-11rem max-w-md-13rem mx-auto\"\r\n              src=\"{{ &cognizant.jpg }}\"\r\n              alt=\"Image Description\"\r\n            \/>\r\n          <\/div>\r\n          <div class=\"js-slide\">\r\n            <img\r\n              class=\"max-w-11rem max-w-md-13rem mx-auto\"\r\n              src=\"{{ &capgemini.jpg }}\"\r\n              alt=\"Image Description\"\r\n            \/>\r\n          <\/div>\r\n        <\/div>\r\n        <div\r\n          class=\"js-slick-carousel slick mt-4\"\r\n          data-hs-slick-carousel-options='{\r\n                \"slidesToShow\": 5,\r\n                \"autoplay\": true,\r\n                \"autoplaySpeed\": 4000,\r\n                \"infinite\": true,\r\n                \"responsive\": [{\r\n                  \"breakpoint\": 1200,\r\n                  \"settings\": {\r\n                    \"slidesToShow\": 4\r\n                  }\r\n                }, {\r\n                  \"breakpoint\": 992,\r\n                  \"settings\": {\r\n                    \"slidesToShow\": 4\r\n                  }\r\n                }, {\r\n                  \"breakpoint\": 768,\r\n                  \"settings\": {\r\n                    \"slidesToShow\": 3\r\n                  }\r\n                }, {\r\n                  \"breakpoint\": 576,\r\n                  \"settings\": {\r\n                    \"slidesToShow\": 3\r\n                  }\r\n                }]\r\n              }'\r\n        >\r\n          <div class=\"js-slide\">\r\n            <img\r\n              class=\"max-w-11rem max-w-md-13rem mx-auto\"\r\n              src=\"{{ &hcl.jpg }}\"\r\n              alt=\"Image Description\"\r\n            \/>\r\n          <\/div>\r\n          <div class=\"js-slide\">\r\n            <img\r\n              class=\"max-w-11rem max-w-md-13rem mx-auto\"\r\n              src=\"{{ &dell.jpg }}\"\r\n              alt=\"Image Description\"\r\n            \/>\r\n          <\/div>\r\n          <div class=\"js-slide\">\r\n            <img\r\n              class=\"max-w-11rem max-w-md-13rem mx-auto\"\r\n              src=\"{{ &cyient.jpg }}\"\r\n              alt=\"Image Description\"\r\n            \/>\r\n          <\/div>\r\n          <div class=\"js-slide\">\r\n            <img\r\n              class=\"max-w-11rem max-w-md-13rem mx-auto\"\r\n              src=\"{{ &techmahindra.jpg }}\"\r\n              alt=\"Image Description\"\r\n            \/>\r\n          <\/div>\r\n          <div class=\"js-slide\">\r\n            <img\r\n              class=\"max-w-11rem max-w-md-13rem mx-auto\"\r\n              src=\"{{ &amazon.jpg }}\"\r\n              alt=\"Image Description\"\r\n            \/>\r\n          <\/div>\r\n        <\/div>\r\n      <\/div>\r\n      <!-- End Clients Section -->\r\n      <!----------- end companies list---------->\r\n\r\n      <!-----------blocks start----------->\r\n      <div class=\"container-fluid bg-light pt-3\">\r\n        <h2 class=\"text-center py-3\">Training & placement information<\/h2>\r\n        <div class=\"row container align-items-start mx-auto mt-5\">\r\n          <!------------start step section------->\r\n          <div class=\"col-lg-4 pr-0\">\r\n            <div class=\"mb-9\">\r\n              <h3>Students Offers<\/h3>\r\n              <ul class=\"list-unstyled\">\r\n                <!-- Comment -->\r\n                <li class=\"mb-4\">\r\n                  <div class=\"media align-items-center mb-2\">\r\n                    <div class=\"avatar rounded-circle mr-3\">\r\n                      <img\r\n                        class=\"avatar-img rounded-circle\"\r\n                        src=\"{{ &vamsi.jpeg }}\"\r\n                        alt=\"Image Description\"\r\n                      \/>\r\n                    <\/div>\r\n                    <div class=\"media-body\">\r\n                      <div\r\n                        class=\"d-flex justify-content-between align-items-center\"\r\n                      >\r\n                        <span class=\"h5 mb-0\">J Vamshi<\/span>\r\n                      <\/div>\r\n                    <\/div>\r\n                  <\/div>\r\n\r\n                  <p>Mahaveer Institute of <br> Science & Technology<\/p>\r\n\r\n                  <a class=\"font-weight-bold\" href=\"#\">Placed In Purple Talk,<br> ZenQ, Popcornapps<\/a>\r\n\r\n                  <ul class=\"list-unstyled mt-5\">\r\n                    <!-- Comment -->\r\n                    <li class=\"mb-4\">\r\n                      <div class=\" pl-1\">\r\n                        <div class=\"media align-items-center mb-2\">\r\n                          <div class=\"avatar avatar-circle mr-3\">\r\n                            <img\r\n                              class=\"avatar-img\"\r\n                              src=\"{{ &ratingimg2.jpeg }}\"\r\n                              alt=\"Image Description\"\r\n                            \/>\r\n                          <\/div>\r\n                          <div class=\"media-body\">\r\n                            <div\r\n                              class=\"d-flex justify-content-between align-items-center\"\r\n                            >\r\n                              <span class=\"h5 mb-0\">Sri Charan<\/span>\r\n                            <\/div>\r\n                          <\/div>\r\n                        <\/div>\r\n\r\n                        <p>MVSR Engineering College<\/p>\r\n\r\n                        <a class=\"font-weight-bold\" href=\"#\">Placed In TCS, Infosys<\/a>\r\n                      <\/div>\r\n                    <\/li>\r\n                    <!-- End Comment -->\r\n                  <\/ul>\r\n                <\/li>\r\n                <!-- End Comment -->\r\n\r\n                <!-- Comment -->\r\n                <li class=\"mb-4\">\r\n                  <div class=\"media align-items-center mb-2\">\r\n                    <div class=\"avatar avatar-circle mr-3\">\r\n                      <img\r\n                        class=\"avatar-img\"\r\n                        src=\"{{ &ratingimg1.jpeg }}\"\r\n                        alt=\"Image Description\"\r\n                      \/>\r\n                    <\/div>\r\n                    <div class=\"media-body\">\r\n                      <div\r\n                        class=\"d-flex justify-content-between align-items-center\"\r\n                      >\r\n                        <span class=\"h5 mb-0\">Spandana<\/span>\r\n                      <\/div>\r\n                    <\/div>\r\n                  <\/div>\r\n\r\n                  <p>Bhoj Reddy Engineering College<\/p>\r\n\r\n                  <a class=\"font-weight-bold\" href=\"#\">Placed In TCS, Accenture<\/a>\r\n                <\/li>\r\n                <!-- End Comment -->\r\n              <\/ul>\r\n            <\/div>\r\n          <\/div>\r\n          <!------------end step section------->\r\n          <!-----------start card section------------>\r\n          <div class=\"col-lg-4 mb-6 pl-0 pr-lg-5\">\r\n            <!-- Blog Card -->\r\n            <article class=\"card bg-dark text-white h-100\">\r\n              <div class=\"card-body p-3 p-lg-3\">\r\n                <span class=\"badge badge-primary py-2 px-3 mb-4\"\r\n                  >Upcoming Training Batches<\/span\r\n                >\r\n                <ul class=\"ml-0 pl-0\">\r\n                  <li class=\"mb-1 nav-link pl-0\">\r\n                   <i class=\"fas fa-arrow-right\"><\/i> {{$date1}} <br \/> <span class=\"text-danger pl-4\"\r\n                      >Slot : {{$slot1}}<\/span\r\n                    >\r\n                  <\/li>\r\n                  <li class=\"mb-1 nav-link pl-0\">\r\n                    <i class=\"fas fa-arrow-right\"><\/i> {{$date2}} <br \/><span class=\"text-danger pl-4\"\r\n                      >Slot : {{$slot2}}<\/span\r\n                    >\r\n                  <\/li>\r\n                  <li class=\"mb-1 nav-link pl-0\">\r\n                    <i class=\"fas fa-arrow-right\"><\/i> {{$date3}} <br \/><span class=\"text-danger pl-4\"\r\n                      >Slot : {{$slot3}}<\/span\r\n                    >\r\n                  <\/li>\r\n                  <li class=\"mb-1 nav-link pl-0\">\r\n                    <i class=\"fas fa-arrow-right\"><\/i> {{$date4}} <br \/><span class=\"text-danger pl-4\">Slot : {{$slot4}}<\/span>\r\n                  <\/li>\r\n                  <li class=\" nav-link pl-0\">\r\n                    <i class=\"fas fa-arrow-right\"><\/i> {{$date5}} <br \/><span class=\"text-danger pl-4\"\r\n                      >Slot : {{$slot5}}<\/span\r\n                    >\r\n                  <\/li>\r\n                <\/ul>\r\n              <\/div>\r\n              <div class=\"card-footer bg-dark border-0 pt-0 px-5 pb-3 \">\r\n                <div class=\"media d-flex align-items-center justify-content-center\">\r\n                  <div class=\"step-avatar step-avatar-sm\">\r\n                    <img\r\n                      class=\"step-avatar-img\" width=\"40px\"\r\n                      src=\"{{ &packetPrepLogo.jpeg }}\"\r\n                      alt=\"Image Description\"\r\n                    \/>\r\n                  <\/div>\r\n                  <div\r\n                    class=\"media-body   text-white-70 font-size-1 ml-2\"\r\n                  >\r\n                    PacketPrep\r\n                  <\/div>\r\n                <\/div>\r\n              <\/div>\r\n            <\/article>\r\n            <!-- End Blog Card -->\r\n          <\/div>\r\n          <!------------end card section------------->\r\n          <!-----------start time line-------------->\r\n          <!-- Description Section -->\r\n          <div class=\"col-lg-4\">\r\n            <div class=\"mb-2 pl-lg-7\">\r\n              <div class=\"mb-3\">\r\n                <h3>Recent placement drives<\/h3>\r\n              <\/div>\r\n\r\n              <!-- Step -->\r\n              <ul class=\"step step-icon-sm\">\r\n                <li class=\"step-item\">\r\n                  <div class=\"step-content-wrapper\">\r\n                    <div class=\"step-avatar step-avatar-sm border border-secondary\">\r\n                      <img\r\n                        class=\"step-avatar-img \"\r\n                        src=\"{{ &magnaquest.png }}\"\r\n                        alt=\"Image Description\"\r\n                      \/>\r\n                    <\/div>\r\n                    <div class=\"step-content\">\r\n                      <h5>Magnaquest<\/h5>\r\n                      <span class=\"d-block text-dark\">Hyderabad<\/span>\r\n                      <small class=\"d-block mb-2\"> February 2021<\/small>\r\n                    <\/div>\r\n                  <\/div>\r\n                <\/li>\r\n\r\n                <li class=\"step-item\">\r\n                  <div class=\"step-content-wrapper\">\r\n                    <div class=\"step-avatar step-avatar-sm border border-secondary\">\r\n                      <img\r\n                        class=\"step-avatar-img\"\r\n                        src=\"{{ &popcornapps.png }}\"\r\n                        alt=\"Image Description\"\r\n                      \/>\r\n                    <\/div>\r\n                    <div class=\"step-content\">\r\n                      <h5>Popcornapps<\/h5>\r\n                      <span class=\"d-block text-dark\">Hyderabad<\/span>\r\n                      <small class=\"d-block mb-2\"> January 2021<\/small>\r\n                    <\/div>\r\n                  <\/div>\r\n                <\/li>\r\n\r\n                <li class=\"step-item\">\r\n                  <div class=\"step-content-wrapper\">\r\n                    <div class=\"step-avatar step-avatar-sm border border-secondary\">\r\n                      <img\r\n                        class=\"step-avatar-img\"\r\n                        src=\"{{ &zenq.webp }}\"\r\n                        alt=\"Image Description\"\r\n                      \/>\r\n                    <\/div>\r\n                    <div class=\"step-content\">\r\n                      <h5>ZenQ<\/h5>\r\n                      <span class=\"d-block text-dark\">Hyderabad<\/span>\r\n                      <small class=\"d-block mb-2\"> January 2021<\/small>\r\n                    <\/div>\r\n                  <\/div>\r\n                <\/li>\r\n                <li class=\"step-item\">\r\n                  <div class=\"step-content-wrapper\">\r\n                    <div class=\"step-avatar step-avatar-sm border border-secondary\">\r\n                      <img\r\n                        class=\"step-avatar-img\"\r\n                        src=\"{{  &netenrich.png }}\"\r\n                        alt=\"Image Description\"\r\n                      \/>\r\n                    <\/div>\r\n                    <div class=\"step-content\">\r\n                      <h5>Netenrich<\/h5>\r\n                      <span class=\"d-block text-dark\">Hyderabad<\/span>\r\n                      <small class=\"d-block mb-1\"> December 2020<\/small>\r\n                    <\/div>\r\n                  <\/div>\r\n                <\/li>\r\n              <\/ul>\r\n              <!-- End Step -->\r\n            <\/div>\r\n          <\/div>\r\n          <!-- Description Section -->\r\n          <!---------------end time line------------->\r\n        <\/div>\r\n      <\/div>\r\n      <!-----------blocks end------------->\r\n      <!-- Articles Section -->\r\n      <div class=\"container mb-6\">\r\n        <!-- Title -->\r\n        <div class=\"w-md-80 w-lg-50 text-center mx-md-auto mb-5 mb-md-7 mt-4\">\r\n          <h3 class=\"h3\">Tried and tested way to crack tech Jobs<\/h3>\r\n        <\/div>\r\n        <!-- End Title -->\r\n\r\n        <div class=\"row\">\r\n          <div class=\"col-md-6 col-lg-4 mb-md-4 mb-lg-0 mb-4\" data-aos=\"zoom-in-right\"  data-aos-duration=\"1000\">\r\n            <!-- Card -->\r\n            <a\r\n              class=\"card shadow-soft h-100 text-center transition-3d-hover\"\r\n              href=\"#\"\r\n            >\r\n              <div class=\"card-body pt-7 px-7\">\r\n                <figure class=\"avatar mx-auto mb-4\">\r\n                  <img\r\n                    class=\"mb-2\"\r\n                    src=\"{{ &teacher.svg }}\"\r\n                    style=\"width: 70px; height: 90px\"\r\n                    alt=\"Logo\"\r\n                  \/>\r\n                <\/figure>\r\n                <h3>Classroom Training<\/h3>\r\n                <p class=\"text-body\">\r\n                  Learn from tech professionals in the industry, with a special\r\n                  curriculum designed to make you stand out.\r\n                <\/p>\r\n              <\/div>\r\n            <\/a>\r\n            <!-- End Card -->\r\n          <\/div>\r\n\r\n          <div class=\"col-md-6 col-lg-4 mb-4 mb-md-5 mb-lg-0\" data-aos=\"zoom-in\"  data-aos-duration=\"1000\">\r\n            <!-- Card -->\r\n            <a\r\n              class=\"card shadow-soft h-100 text-center transition-3d-hover\"\r\n              href=\"#\"\r\n            >\r\n              <div class=\"card-body pt-7 px-7\">\r\n                <figure class=\"avatar mx-auto mb-4\">\r\n                  <img\r\n                    class=\"\"\r\n                    src=\"{{ &practiceTest.svg }}\"\r\n                    alt=\"Logo\"\r\n                    style=\"width: 70px; height: 70px\"\r\n                  \/>\r\n                <\/figure>\r\n                <h3>Practice tests<\/h3>\r\n                <p class=\"text-body\">\r\n                  Carefully created Question bank to help you crack the toughest\r\n                  placement tests.\r\n                <\/p>\r\n              <\/div>\r\n            <\/a>\r\n            <!-- End Card -->\r\n          <\/div>\r\n\r\n          <div class=\"col-md-6 col-lg-4\" data-aos=\"zoom-in-left\"  data-aos-duration=\"1000\">\r\n            <!-- Card -->\r\n            <a\r\n              class=\"card shadow-soft h-100 text-center transition-3d-hover\"\r\n              href=\"#\"\r\n            >\r\n              <div class=\"card-body pt-7 px-7\">\r\n                <figure class=\"avatar mx-auto mb-4\">\r\n                  <img\r\n                    class=\"\"\r\n                    src=\"{{ &realtimeproject.png }}\"\r\n                    alt=\"Logo\"\r\n                    style=\"width: 70px; height: 70px\"\r\n                  \/>\r\n                <\/figure>\r\n                <h3>Realtime Projects<\/h3>\r\n                <p class=\"text-body\">\r\n                  Prepare for industry level exposure with some of the essential\r\n                  projects that will help you enhance your skills.\r\n                <\/p>\r\n              <\/div>\r\n            <\/a>\r\n            <!-- End Card -->\r\n          <\/div>\r\n        <\/div>\r\n      <\/div>\r\n      <!-- End Articles Section -->\r\n\r\n      <!-- Rating Section -->\r\n      <div class=\"container mb-7\">\r\n        <!-- Title -->\r\n        <div class=\"w-lg-50 mb-5 mb-md-5\">\r\n          <h2>What our students have to say.<\/h2>\r\n        <\/div>\r\n        <!-- End Title -->\r\n\r\n        <!-- Rating cards -->\r\n        <div class=\"card-deck d-block d-lg-flex card-lg-gutters-2\" data-aos=\"flip-left\"\r\n     data-aos-easing=\"ease-out-cubic\"\r\n     data-aos-duration=\"2000\">\r\n          <!-- rating -->\r\n          <div class=\"card shadow-none bg-transparent\">\r\n            <div class=\"card-body\">\r\n              <ul class=\"list-inline text-warning small\">\r\n                <li class=\"list-inline-item mx-0\">\r\n                  <i class=\"fas fa-star\"><\/i>\r\n                <\/li>\r\n                <li class=\"list-inline-item mx-0\">\r\n                  <i class=\"fas fa-star\"><\/i>\r\n                <\/li>\r\n                <li class=\"list-inline-item mx-0\">\r\n                  <i class=\"fas fa-star\"><\/i>\r\n                <\/li>\r\n                <li class=\"list-inline-item mx-0\">\r\n                  <i class=\"fas fa-star\"><\/i>\r\n                <\/li>\r\n                <li class=\"list-inline-item mx-0\">\r\n                  <i class=\"fas fa-star\"><\/i>\r\n                <\/li>\r\n              <\/ul>\r\n              <div class=\"mb-auto\">\r\n                <p class=\"mb-0\">\r\n                  One stop platform for campus placement preparation. practice\r\n                  questions are Super Good.\r\n                <\/p>\r\n              <\/div>\r\n            <\/div>\r\n\r\n            <div class=\"card-footer border-0 bg-transparent pt-0 px-5 pb-5\">\r\n              <div class=\"media\">\r\n                <div class=\"avatar avatar-circle mr-3\">\r\n                  <img\r\n                    class=\"avatar-img\"\r\n                    src=\"{{ &ratingimg1.jpeg }}\"\r\n                    alt=\"Image Description\"\r\n                  \/>\r\n                <\/div>\r\n                <div class=\"media-body\">\r\n                  <h4 class=\"mb-1\">Spandana<\/h4>\r\n                  <small class=\"d-block text-body\"\r\n                    >Bhaj Reddy Engineering College<\/small\r\n                  >\r\n                <\/div>\r\n              <\/div>\r\n            <\/div>\r\n          <\/div>\r\n          <!-- End rating -->\r\n\r\n          <!-- rating -->\r\n          <div class=\"card bg-primary text-white shadow-primary-lg\">\r\n            <div class=\"card-body\">\r\n              <ul class=\"list-inline text-warning small\">\r\n                <li class=\"list-inline-item mx-0\">\r\n                  <i class=\"fas fa-star\"><\/i>\r\n                <\/li>\r\n                <li class=\"list-inline-item mx-0\">\r\n                  <i class=\"fas fa-star\"><\/i>\r\n                <\/li>\r\n                <li class=\"list-inline-item mx-0\">\r\n                  <i class=\"fas fa-star\"><\/i>\r\n                <\/li>\r\n                <li class=\"list-inline-item mx-0\">\r\n                  <i class=\"fas fa-star\"><\/i>\r\n                <\/li>\r\n                <li class=\"list-inline-item mx-0\">\r\n                  <i class=\"fas fa-star\"><\/i>\r\n                <\/li>\r\n              <\/ul>\r\n              <div class=\"mb-auto\">\r\n                <p class=\"text-white mb-0\">\r\n                  PacketPrep is the best platform to prepare for, campus\r\n                  placements. Their tests are awesome.\r\n                <\/p>\r\n              <\/div>\r\n            <\/div>\r\n\r\n            <div\r\n              class=\"card-footer border-0 bg-primary text-white pt-0 px-5 pb-5\"\r\n            >\r\n              <div class=\"media\">\r\n                <div class=\"avatar avatar-circle mr-3\">\r\n                  <img\r\n                    class=\"avatar-img\"\r\n                    src=\"{{ &ratingImg2.jpeg }}\"\r\n                    alt=\"Image Description\"\r\n                  \/>\r\n                <\/div>\r\n                <div class=\"media-body\">\r\n                  <h4 class=\"text-white mb-1\">Sri Charan<\/h4>\r\n                  <small class=\"d-block text-light\"\r\n                    >MVSR Engineering College<\/small\r\n                  >\r\n                <\/div>\r\n              <\/div>\r\n            <\/div>\r\n          <\/div>\r\n          <!-- End rating -->\r\n\r\n          <!-- rating -->\r\n          <div class=\"card shadow-none bg-transparent\">\r\n            <div class=\"card-body\">\r\n              <ul class=\"list-inline text-warning small\">\r\n                <li class=\"list-inline-item mx-0\">\r\n                  <i class=\"fas fa-star\"><\/i>\r\n                <\/li>\r\n                <li class=\"list-inline-item mx-0\">\r\n                  <i class=\"fas fa-star\"><\/i>\r\n                <\/li>\r\n                <li class=\"list-inline-item mx-0\">\r\n                  <i class=\"fas fa-star\"><\/i>\r\n                <\/li>\r\n                <li class=\"list-inline-item mx-0\">\r\n                  <i class=\"fas fa-star\"><\/i>\r\n                <\/li>\r\n                <li class=\"list-inline-item mx-0\">\r\n                  <i class=\"fas fa-star\"><\/i>\r\n                <\/li>\r\n              <\/ul>\r\n              <div class=\"mb-auto\">\r\n                <p class=\"mb-0\">\r\n                  Thank you for training me & supporting me in cracking my first\r\n                  Job.\r\n                <\/p>\r\n              <\/div>\r\n            <\/div>\r\n\r\n            <div class=\"card-footer border-0 bg-transparent pt-0 px-5 pb-5\">\r\n              <div class=\"media\">\r\n                <div class=\"avatar avatar-circle mr-3\">\r\n                  <img\r\n                    class=\"avatar-img\"\r\n                    src=\"{{ &ratingImg3.jpeg }}\"\r\n                    alt=\"Image Description\"\r\n                  \/>\r\n                <\/div>\r\n                <div class=\"media-body\">\r\n                  <h4 class=\"mb-1\">Ankitha<\/h4>\r\n                  <small class=\"d-block text-body\"\r\n                    >Malla Reddy Engineering College<\/small\r\n                  >\r\n                <\/div>\r\n              <\/div>\r\n            <\/div>\r\n          <\/div>\r\n          <!-- End rating -->\r\n        <\/div>\r\n        <!-- End rating -->\r\n      <\/div>\r\n      <!-- End Rating Section -->\r\n\r\n      <!-- CTA Section -->\r\n      <div class=\"container-fluid\">\r\n        <div\r\n          class=\"bg-light rounded overflow-hidden space-top-lg-1 p-3 pl-lg-5 pl-md-8 mb-3 mb-lg-0\"\r\n        >\r\n          <div\r\n            class=\"row justify-content-lg-between align-items-lg-center no-gutters\"\r\n          >\r\n            <div class=\"col-12 col-lg-6 text-center\">\r\n              <div class=\"mb-4\">\r\n                <h2>Get ready for your tech Job<\/h2>\r\n              <\/div>\r\n              <a\r\n                class=\"btn btn-primary btn-wide btn-pill transition-3d-hover\"\r\n                href=\"\/contact\"\r\n              >\r\n                Begin your Journey\r\n                <i class=\"fas fa-angle-right fa-sm ml-1\"><\/i>\r\n              <\/a>\r\n            <\/div>\r\n\r\n            <div class=\"col-12 col-lg-6 space-top-1 space-top-sm-2 ml-auto\">\r\n              <img\r\n                class=\"img-fluid shadow-lg\"\r\n                src=\"{{ &java-development-services.jpg }}\"\r\n                alt=\"Image Description\"\r\n              \/>\r\n            <\/div>\r\n          <\/div>\r\n        <\/div>\r\n      <\/div>\r\n      <!-- End CTA Section -->\r\n    <\/main>\r\n    <!-- ========== END MAIN ========== -->\r\n    {{@footer}}",
    "html_minified": "<!DOCTYPE html><html lang=\"en\"> <head>  <title>Job Guaranteed Training Program | Java Fullstack | Pay after placement| Hyderabad | Packetprep<\/title>  <meta charset=\"utf-8\" \/> <meta name=\"viewport\" content=\"width=device-width, initial-scale=1, shrink-to-fit=no\" \/><meta name=\"description\" content=\"Excellent training to help you crack a technical job in top MNC where you pay the fee only after placement. \">  <link rel=\"shortcut icon\" href=\"https:\/\/piofx.s3.ap-south-1.amazonaws.com\/themes\/14\/file_logo.jpeg\" \/> <link href=\"https:\/\/unpkg.com\/aos@2.3.1\/dist\/aos.css\" rel=\"stylesheet\" \/>  <link href=\"https:\/\/fonts.googleapis.com\/css?family=Open+Sans:400,600&display=swap\" rel=\"stylesheet\" \/>  <link rel=\"stylesheet\" href=\"https:\/\/piofx.s3.ap-south-1.amazonaws.com\/themes\/front\/vendor\/font-awesome\/css\/all.min.css\" \/> <link rel=\"stylesheet\" href=\"https:\/\/piofx.s3.ap-south-1.amazonaws.com\/themes\/front\/vendor\/hs-mega-menu\/dist\/hs-mega-menu.min.css\" \/> <link rel=\"stylesheet\" href=\"https:\/\/piofx.s3.ap-south-1.amazonaws.com\/themes\/front\/vendor\/slick-carousel\/slick\/slick.css\" \/> <link rel=\"stylesheet\" href=\"https:\/\/piofx.s3.ap-south-1.amazonaws.com\/themes\/front\/vendor\/aos\/dist\/aos.css\" \/>  <link rel=\"stylesheet\" href=\"https:\/\/piofx.s3.ap-south-1.amazonaws.com\/themes\/front\/css\/theme.css\" \/> <style> html{ overflow-x: hidden; } .small_hero img{ display: none; } @media only screen and (max-width: 768px) { .small_hero img { display: block; box-sizing: border-box; } @media only screen and (max-width: 998px) { .para_line { line-height:28px; } } <\/style> <\/head> <body style=\"overflow-x: hidden;\">  <header id=\"header\" class=\"header center-aligned-navbar header-bg-transparent header-white-nav-links-lg header-abs-top\" style=\"background-color:rgb(35 111 177);\" data-hs-header-options='{ \"fixMoment\": 1000, \"fixEffect\": \"slide\" }'> <div class=\"header-section\"> <div id=\"logoAndNav\" class=\"container\">  <nav class=\"js-mega-menu navbar navbar-expand-lg\"> <div class=\"navbar-nav-wrap\">  <a class=\"navbar-brand navbar-nav-wrap-brand\" href=\"\/\" aria-label=\"Front\"> <img src=\"https:\/\/piofx.s3.ap-south-1.amazonaws.com\/themes\/14\/file_packetPrepLogo.jpeg\" style=\"width: 80px; height: 80px;\" alt=\"Logo\"> <\/a>   <div class=\"navbar-nav-wrap-content text-center\"> <div class=\"mr-3 m-lg-0\"> <a class=\"btn btn-sm btn-light transition-3d-hover\" href=\"\/contact\" > Apply Now <\/a> <\/div> <\/div>   <button type=\"button\" class=\"navbar-toggler navbar-nav-wrap-toggler btn btn-icon btn-sm rounded-circle\" aria-label=\"Toggle navigation\" aria-expanded=\"false\" aria-controls=\"navBar\" data-toggle=\"collapse\" data-target=\"#navBar\"> <span class=\"navbar-toggler-default\"> <svg width=\"14\" height=\"14\" viewBox=\"0 0 18 18\" xmlns=\"http:\/\/www.w3.org\/2000\/svg\"> <path fill=\"currentColor\" d=\"M17.4,6.2H0.6C0.3,6.2,0,5.9,0,5.5V4.1c0-0.4,0.3-0.7,0.6-0.7h16.9c0.3,0,0.6,0.3,0.6,0.7v1.4C18,5.9,17.7,6.2,17.4,6.2z M17.4,14.1H0.6c-0.3,0-0.6-0.3-0.6-0.7V12c0-0.4,0.3-0.7,0.6-0.7h16.9c0.3,0,0.6,0.3,0.6,0.7v1.4C18,13.7,17.7,14.1,17.4,14.1z\" \/> <\/svg> <\/span> <span class=\"navbar-toggler-toggled\"> <svg width=\"14\" height=\"14\" viewBox=\"0 0 18 18\" xmlns=\"http:\/\/www.w3.org\/2000\/svg\"> <path fill=\"currentColor\" d=\"M11.5,9.5l5-5c0.2-0.2,0.2-0.6-0.1-0.9l-1-1c-0.3-0.3-0.7-0.3-0.9-0.1l-5,5l-5-5C4.3,2.3,3.9,2.4,3.6,2.6l-1,1 C2.4,3.9,2.3,4.3,2.5,4.5l5,5l-5,5c-0.2,0.2-0.2,0.6,0.1,0.9l1,1c0.3,0.3,0.7,0.3,0.9,0.1l5-5l5,5c0.2,0.2,0.6,0.2,0.9-0.1l1-1 c0.3-0.3,0.3-0.7,0.1-0.9L11.5,9.5z\" \/> <\/svg> <\/span> <\/button>   <div id=\"navBar\" class=\"collapse navbar-collapse navbar-nav-wrap-collapse\"> <div class=\"navbar-body header-abs-top-inner\"> <ul class=\"navbar-nav\">  <li class=\"hs-has-mega-menu navbar-nav-item mx-3\"> <a id=\"homeMegaMenu\" class=\"hs-mega-menu-invoker nav-link \" href=\"\/\" aria-haspopup=\"true\" aria-expanded=\"false\">Home<\/a>  <div class=\"hs-mega-menu\" aria-labelledby=\"homeMegaMenu\"> <\/div>  <\/li>   <li class=\"hs-has-sub-menu navbar-nav-item mx-3\"> <a id=\"pagesMegaMenu\" class=\"hs-mega-menu-invoker nav-link\" href=\"\/curriculum\" aria-haspopup=\"true\" aria-expanded=\"false\" aria-labelledby=\"pagesSubMenu\">Curriculum<\/a>  <div id=\"pagesSubMenu\" class=\"hs-sub-menu \" aria-labelledby=\"pagesMegaMenu\" style=\"min-width: 230px;\"> <\/div>  <\/li>   <li class=\"hs-has-sub-menu navbar-nav-item mx-3\"> <a id=\"blogMegaMenu\" class=\"hs-mega-menu-invoker nav-link \" href=\"\/faq\" aria-haspopup=\"true\" aria-expanded=\"false\" aria-labelledby=\"blogSubMenu\">FAQ<\/a>  <div id=\"blogSubMenu\" class=\"hs-sub-menu \" aria-labelledby=\"blogMegaMenu\" style=\"min-width: 230px;\"> <\/div>  <\/li>   <li class=\"hs-has-mega-menu navbar-nav-item mx-3\" data-hs-mega-menu-item-options='{ \"desktop\": { \"position\": \"right\", \"maxWidth\": \"440px\" } }'> <a id=\"shopMegaMenu\" class=\"hs-mega-menu-invoker nav-link\" href=\"\/scholarship\" aria-haspopup=\"true\" aria-expanded=\"false\">Scholarship<\/a>  <div class=\"hs-mega-menu \" aria-labelledby=\"shopMegaMenu\"> <\/div>  <\/li>   <li class=\"hs-has-mega-menu navbar-nav-item mx-3 \" data-hs-mega-menu-item-options='{ \"desktop\": { \"position\": \"right\", \"maxWidth\": \"260px\" } }'> <a id=\"docsMegaMenu\" class=\"hs-mega-menu-invoker nav-link\" href=\"\/fees\" aria-haspopup=\"true\" aria-expanded=\"false\">Fees<\/a>  <div class=\"hs-mega-menu \" aria-labelledby=\"docsMegaMenu\" style=\"min-width: 330px;\"> <\/div>  <\/li>  <\/ul> <\/div> <\/div>  <\/div> <\/nav>  <\/div> <\/div> <\/header>   <main id=\"content\" role=\"main\">  <div class=\"d-lg-flex position-relative mb-5 mb-lg-0\"> <div class=\"container d-lg-flex align-items-lg-center space-top-2 space-lg-0 min-vh-lg-100\" >  <div class=\"w-md-100 small_hero\"> <img src=\"https:\/\/piofx.s3.ap-south-1.amazonaws.com\/themes\/14\/file_codingHero.svg\" class=\"img-fluid text-center align-items-center mt-md-8 mt-10 mt-lg-0\" alt=\"no hero\" > <div class=\"row\"> <div class=\"col-lg-5\"> <div class=\"mb-5 mt-lg-11 mt-4\"> <h2 class=\"display-4 mb-3\"> Fullstack JAVA Developer Program <\/h2> <p class=\"lead\">Pay after placement.<\/p> <\/div> <a class=\"btn btn-primary btn-wide transition-3d-hover\" href=\"\/contact\" >Apply Now<\/a > <\/div> <\/div> <\/div>   <figure class=\"col-lg-7 col-xl-6 d-none d-lg-block position-absolute top-0 right-0 pr-0 ie-main-hero\" style=\"margin-top: 4.5rem\" > <svg xmlns=\"http:\/\/www.w3.org\/2000\/svg\" x=\"0px\" y=\"0px\" viewBox=\"0 0 1137.5 979.2\" > <path fill=\"#F9FBFF\" d=\"M565.5,957.4c81.1-7.4,155.5-49.3,202.4-115.7C840,739.8,857,570,510.7,348.3C-35.5-1.5-4.2,340.3,2.7,389 c0.7,4.7,1.2,9.5,1.7,14.2l29.3,321c14,154.2,150.6,267.8,304.9,253.8L565.5,957.4z\" \/> <defs> <path id=\"mainHeroSVG1\" d=\"M1137.5,0H450.4l-278,279.7C22.4,430.6,24.3,675,176.8,823.5l0,0C316.9,960,537.7,968.7,688.2,843.6l449.3-373.4V0z\" \/> <\/defs> <clipPath id=\"mainHeroSVG2\"> <use xlink:href=\"#mainHeroSVG1\" \/> <\/clipPath> <g transform=\"matrix(1 0 0 1 0 0)\" clip-path=\"url(#mainHeroSVG2)\"> <image width=\"750\" height=\"750\" xlink:href=\"https:\/\/piofx.s3.ap-south-1.amazonaws.com\/themes\/14\/file_heroimg.jpg\" transform=\"matrix(1.4462 0 0 1.4448 52.8755 0)\" ><\/image> <\/g> <\/svg> <\/figure>  <\/div> <\/div> <hr \/>    <div class=\"container space-1 space-bottom-lg-1\"> <div class=\"text-center mb-5\"> <h2>Our students are placed in<\/h2> <\/div> <div class=\"js-slick-carousel slick\" data-hs-slick-carousel-options='{ \"slidesToShow\": 5, \"autoplay\": true, \"autoplaySpeed\": 3000, \"infinite\": true, \"responsive\": [{ \"breakpoint\": 1200, \"settings\": { \"slidesToShow\": 4 } }, { \"breakpoint\": 992, \"settings\": { \"slidesToShow\": 4 } }, { \"breakpoint\": 768, \"settings\": { \"slidesToShow\": 3 } }, { \"breakpoint\": 576, \"settings\": { \"slidesToShow\": 3 } }] }' > <div class=\"js-slide\"> <img class=\"max-w-11rem max-w-md-13rem mx-auto\" src=\"https:\/\/piofx.s3.ap-south-1.amazonaws.com\/themes\/14\/file_tcs.jpg\" alt=\"Image Description\" \/> <\/div> <div class=\"js-slide\"> <img class=\"max-w-11rem max-w-md-13rem mx-auto\" src=\"https:\/\/piofx.s3.ap-south-1.amazonaws.com\/themes\/14\/file_infosys.jpg\" alt=\"Image Description\" \/> <\/div> <div class=\"js-slide\"> <img class=\"max-w-11rem max-w-md-13rem mx-auto\" src=\"https:\/\/piofx.s3.ap-south-1.amazonaws.com\/themes\/14\/file_accenture.jpg\" alt=\"Image Description\" \/> <\/div> <div class=\"js-slide\"> <img class=\"max-w-11rem max-w-md-13rem mx-auto\" src=\"https:\/\/piofx.s3.ap-south-1.amazonaws.com\/themes\/14\/file_wipro.jpg\" alt=\"Image Description\" \/> <\/div> <div class=\"js-slide\"> <img class=\"max-w-11rem max-w-md-13rem mx-auto\" src=\"https:\/\/piofx.s3.ap-south-1.amazonaws.com\/themes\/14\/file_cognizant.jpg\" alt=\"Image Description\" \/> <\/div> <div class=\"js-slide\"> <img class=\"max-w-11rem max-w-md-13rem mx-auto\" src=\"https:\/\/piofx.s3.ap-south-1.amazonaws.com\/themes\/14\/file_capgemini.jpg\" alt=\"Image Description\" \/> <\/div> <\/div> <div class=\"js-slick-carousel slick mt-4\" data-hs-slick-carousel-options='{ \"slidesToShow\": 5, \"autoplay\": true, \"autoplaySpeed\": 4000, \"infinite\": true, \"responsive\": [{ \"breakpoint\": 1200, \"settings\": { \"slidesToShow\": 4 } }, { \"breakpoint\": 992, \"settings\": { \"slidesToShow\": 4 } }, { \"breakpoint\": 768, \"settings\": { \"slidesToShow\": 3 } }, { \"breakpoint\": 576, \"settings\": { \"slidesToShow\": 3 } }] }' > <div class=\"js-slide\"> <img class=\"max-w-11rem max-w-md-13rem mx-auto\" src=\"https:\/\/piofx.s3.ap-south-1.amazonaws.com\/themes\/14\/file_hcl.jpg\" alt=\"Image Description\" \/> <\/div> <div class=\"js-slide\"> <img class=\"max-w-11rem max-w-md-13rem mx-auto\" src=\"https:\/\/piofx.s3.ap-south-1.amazonaws.com\/themes\/14\/file_dell.jpg\" alt=\"Image Description\" \/> <\/div> <div class=\"js-slide\"> <img class=\"max-w-11rem max-w-md-13rem mx-auto\" src=\"https:\/\/piofx.s3.ap-south-1.amazonaws.com\/themes\/14\/file_cyient.jpg\" alt=\"Image Description\" \/> <\/div> <div class=\"js-slide\"> <img class=\"max-w-11rem max-w-md-13rem mx-auto\" src=\"https:\/\/piofx.s3.ap-south-1.amazonaws.com\/themes\/14\/file_techmahindra.jpg\" alt=\"Image Description\" \/> <\/div> <div class=\"js-slide\"> <img class=\"max-w-11rem max-w-md-13rem mx-auto\" src=\"https:\/\/piofx.s3.ap-south-1.amazonaws.com\/themes\/14\/file_amazon.jpg\" alt=\"Image Description\" \/> <\/div> <\/div> <\/div>    <div class=\"container-fluid bg-light pt-3\"> <h2 class=\"text-center py-3\">Training & placement information<\/h2> <div class=\"row container align-items-start mx-auto mt-5\">  <div class=\"col-lg-4 pr-0\"> <div class=\"mb-9\"> <h3>Students Offers<\/h3> <ul class=\"list-unstyled\">  <li class=\"mb-4\"> <div class=\"media align-items-center mb-2\"> <div class=\"avatar rounded-circle mr-3\"> <img class=\"avatar-img rounded-circle\" src=\"https:\/\/piofx.s3.ap-south-1.amazonaws.com\/themes\/14\/file_vamsi.jpeg\" alt=\"Image Description\" \/> <\/div> <div class=\"media-body\"> <div class=\"d-flex justify-content-between align-items-center\" > <span class=\"h5 mb-0\">J Vamshi<\/span> <\/div> <\/div> <\/div> <p>Mahaveer Institute of <br> Science & Technology<\/p> <a class=\"font-weight-bold\" href=\"#\">Placed In Purple Talk,<br> ZenQ, Popcornapps<\/a> <ul class=\"list-unstyled mt-5\">  <li class=\"mb-4\"> <div class=\" pl-1\"> <div class=\"media align-items-center mb-2\"> <div class=\"avatar avatar-circle mr-3\"> <img class=\"avatar-img\" src=\"https:\/\/piofx.s3.ap-south-1.amazonaws.com\/themes\/14\/file_ratingImg2.jpeg\" alt=\"Image Description\" \/> <\/div> <div class=\"media-body\"> <div class=\"d-flex justify-content-between align-items-center\" > <span class=\"h5 mb-0\">Sri Charan<\/span> <\/div> <\/div> <\/div> <p>MVSR Engineering College<\/p> <a class=\"font-weight-bold\" href=\"#\">Placed In TCS, Infosys<\/a> <\/div> <\/li>  <\/ul> <\/li>   <li class=\"mb-4\"> <div class=\"media align-items-center mb-2\"> <div class=\"avatar avatar-circle mr-3\"> <img class=\"avatar-img\" src=\"https:\/\/piofx.s3.ap-south-1.amazonaws.com\/themes\/14\/file_ratingimg1.jpeg\" alt=\"Image Description\" \/> <\/div> <div class=\"media-body\"> <div class=\"d-flex justify-content-between align-items-center\" > <span class=\"h5 mb-0\">Spandana<\/span> <\/div> <\/div> <\/div> <p>Bhoj Reddy Engineering College<\/p> <a class=\"font-weight-bold\" href=\"#\">Placed In TCS, Accenture<\/a> <\/li>  <\/ul> <\/div> <\/div>   <div class=\"col-lg-4 mb-6 pl-0 pr-lg-5\">  <article class=\"card bg-dark text-white h-100\"> <div class=\"card-body p-3 p-lg-3\"> <span class=\"badge badge-primary py-2 px-3 mb-4\" >Upcoming Training Batches<\/span > <ul class=\"ml-0 pl-0\"> <li class=\"mb-1 nav-link pl-0\"> <i class=\"fas fa-arrow-right\"><\/i> 16h March 2021 <br \/> <span class=\"text-danger pl-4\" >Slot : 2:15 pm to 5:15 pm<\/span > <\/li> <li class=\"mb-1 nav-link pl-0\"> <i class=\"fas fa-arrow-right\"><\/i> 30th March 2021 <br \/><span class=\"text-danger pl-4\" >Slot : 2:30 pm to 5:30 pm<\/span > <\/li> <li class=\"mb-1 nav-link pl-0\"> <i class=\"fas fa-arrow-right\"><\/i> 12th April 2021 <br \/><span class=\"text-danger pl-4\" >Slot : 10:00 am to 1:00 pm<\/span > <\/li> <li class=\"mb-1 nav-link pl-0\"> <i class=\"fas fa-arrow-right\"><\/i> 26th April 2021 <br \/><span class=\"text-danger pl-4\">Slot : 10:15 am to 1:15 pm<\/span> <\/li> <li class=\" nav-link pl-0\"> <i class=\"fas fa-arrow-right\"><\/i> 10th May 2021 <br \/><span class=\"text-danger pl-4\" >Slot : 2:15 pm to 5:15 pm<\/span > <\/li> <\/ul> <\/div> <div class=\"card-footer bg-dark border-0 pt-0 px-5 pb-3 \"> <div class=\"media d-flex align-items-center justify-content-center\"> <div class=\"step-avatar step-avatar-sm\"> <img class=\"step-avatar-img\" width=\"40px\" src=\"https:\/\/piofx.s3.ap-south-1.amazonaws.com\/themes\/14\/file_packetPrepLogo.jpeg\" alt=\"Image Description\" \/> <\/div> <div class=\"media-body text-white-70 font-size-1 ml-2\" > PacketPrep <\/div> <\/div> <\/div> <\/article>  <\/div>    <div class=\"col-lg-4\"> <div class=\"mb-2 pl-lg-7\"> <div class=\"mb-3\"> <h3>Recent placement drives<\/h3> <\/div>  <ul class=\"step step-icon-sm\"> <li class=\"step-item\"> <div class=\"step-content-wrapper\"> <div class=\"step-avatar step-avatar-sm border border-secondary\"> <img class=\"step-avatar-img \" src=\"https:\/\/piofx.s3.ap-south-1.amazonaws.com\/themes\/14\/file_magnaquest.png\" alt=\"Image Description\" \/> <\/div> <div class=\"step-content\"> <h5>Magnaquest<\/h5> <span class=\"d-block text-dark\">Hyderabad<\/span> <small class=\"d-block mb-2\"> February 2021<\/small> <\/div> <\/div> <\/li> <li class=\"step-item\"> <div class=\"step-content-wrapper\"> <div class=\"step-avatar step-avatar-sm border border-secondary\"> <img class=\"step-avatar-img\" src=\"https:\/\/piofx.s3.ap-south-1.amazonaws.com\/themes\/14\/file_popcornapps.png\" alt=\"Image Description\" \/> <\/div> <div class=\"step-content\"> <h5>Popcornapps<\/h5> <span class=\"d-block text-dark\">Hyderabad<\/span> <small class=\"d-block mb-2\"> January 2021<\/small> <\/div> <\/div> <\/li> <li class=\"step-item\"> <div class=\"step-content-wrapper\"> <div class=\"step-avatar step-avatar-sm border border-secondary\"> <img class=\"step-avatar-img\" src=\"https:\/\/piofx.s3.ap-south-1.amazonaws.com\/themes\/14\/file_zenq.webp\" alt=\"Image Description\" \/> <\/div> <div class=\"step-content\"> <h5>ZenQ<\/h5> <span class=\"d-block text-dark\">Hyderabad<\/span> <small class=\"d-block mb-2\"> January 2021<\/small> <\/div> <\/div> <\/li> <li class=\"step-item\"> <div class=\"step-content-wrapper\"> <div class=\"step-avatar step-avatar-sm border border-secondary\"> <img class=\"step-avatar-img\" src=\"https:\/\/piofx.s3.ap-south-1.amazonaws.com\/themes\/14\/file_netenrich.png\" alt=\"Image Description\" \/> <\/div> <div class=\"step-content\"> <h5>Netenrich<\/h5> <span class=\"d-block text-dark\">Hyderabad<\/span> <small class=\"d-block mb-1\"> December 2020<\/small> <\/div> <\/div> <\/li> <\/ul>  <\/div> <\/div>   <\/div> <\/div>   <div class=\"container mb-6\">  <div class=\"w-md-80 w-lg-50 text-center mx-md-auto mb-5 mb-md-7 mt-4\"> <h3 class=\"h3\">Tried and tested way to crack tech Jobs<\/h3> <\/div>  <div class=\"row\"> <div class=\"col-md-6 col-lg-4 mb-md-4 mb-lg-0 mb-4\" data-aos=\"zoom-in-right\" data-aos-duration=\"1000\">  <a class=\"card shadow-soft h-100 text-center transition-3d-hover\" href=\"#\" > <div class=\"card-body pt-7 px-7\"> <figure class=\"avatar mx-auto mb-4\"> <img class=\"mb-2\" src=\"https:\/\/piofx.s3.ap-south-1.amazonaws.com\/themes\/14\/file_teacher.svg\" style=\"width: 70px; height: 90px\" alt=\"Logo\" \/> <\/figure> <h3>Classroom Training<\/h3> <p class=\"text-body\"> Learn from tech professionals in the industry, with a special curriculum designed to make you stand out. <\/p> <\/div> <\/a>  <\/div> <div class=\"col-md-6 col-lg-4 mb-4 mb-md-5 mb-lg-0\" data-aos=\"zoom-in\" data-aos-duration=\"1000\">  <a class=\"card shadow-soft h-100 text-center transition-3d-hover\" href=\"#\" > <div class=\"card-body pt-7 px-7\"> <figure class=\"avatar mx-auto mb-4\"> <img class=\"\" src=\"https:\/\/piofx.s3.ap-south-1.amazonaws.com\/themes\/14\/file_practiceTest.svg\" alt=\"Logo\" style=\"width: 70px; height: 70px\" \/> <\/figure> <h3>Practice tests<\/h3> <p class=\"text-body\"> Carefully created Question bank to help you crack the toughest placement tests. <\/p> <\/div> <\/a>  <\/div> <div class=\"col-md-6 col-lg-4\" data-aos=\"zoom-in-left\" data-aos-duration=\"1000\">  <a class=\"card shadow-soft h-100 text-center transition-3d-hover\" href=\"#\" > <div class=\"card-body pt-7 px-7\"> <figure class=\"avatar mx-auto mb-4\"> <img class=\"\" src=\"https:\/\/piofx.s3.ap-south-1.amazonaws.com\/themes\/14\/file_realtimeproject.png\" alt=\"Logo\" style=\"width: 70px; height: 70px\" \/> <\/figure> <h3>Realtime Projects<\/h3> <p class=\"text-body\"> Prepare for industry level exposure with some of the essential projects that will help you enhance your skills. <\/p> <\/div> <\/a>  <\/div> <\/div> <\/div>   <div class=\"container mb-7\">  <div class=\"w-lg-50 mb-5 mb-md-5\"> <h2>What our students have to say.<\/h2> <\/div>   <div class=\"card-deck d-block d-lg-flex card-lg-gutters-2\" data-aos=\"flip-left\" data-aos-easing=\"ease-out-cubic\" data-aos-duration=\"2000\">  <div class=\"card shadow-none bg-transparent\"> <div class=\"card-body\"> <ul class=\"list-inline text-warning small\"> <li class=\"list-inline-item mx-0\"> <i class=\"fas fa-star\"><\/i> <\/li> <li class=\"list-inline-item mx-0\"> <i class=\"fas fa-star\"><\/i> <\/li> <li class=\"list-inline-item mx-0\"> <i class=\"fas fa-star\"><\/i> <\/li> <li class=\"list-inline-item mx-0\"> <i class=\"fas fa-star\"><\/i> <\/li> <li class=\"list-inline-item mx-0\"> <i class=\"fas fa-star\"><\/i> <\/li> <\/ul> <div class=\"mb-auto\"> <p class=\"mb-0\"> One stop platform for campus placement preparation. practice questions are Super Good. <\/p> <\/div> <\/div> <div class=\"card-footer border-0 bg-transparent pt-0 px-5 pb-5\"> <div class=\"media\"> <div class=\"avatar avatar-circle mr-3\"> <img class=\"avatar-img\" src=\"https:\/\/piofx.s3.ap-south-1.amazonaws.com\/themes\/14\/file_ratingimg1.jpeg\" alt=\"Image Description\" \/> <\/div> <div class=\"media-body\"> <h4 class=\"mb-1\">Spandana<\/h4> <small class=\"d-block text-body\" >Bhaj Reddy Engineering College<\/small > <\/div> <\/div> <\/div> <\/div>   <div class=\"card bg-primary text-white shadow-primary-lg\"> <div class=\"card-body\"> <ul class=\"list-inline text-warning small\"> <li class=\"list-inline-item mx-0\"> <i class=\"fas fa-star\"><\/i> <\/li> <li class=\"list-inline-item mx-0\"> <i class=\"fas fa-star\"><\/i> <\/li> <li class=\"list-inline-item mx-0\"> <i class=\"fas fa-star\"><\/i> <\/li> <li class=\"list-inline-item mx-0\"> <i class=\"fas fa-star\"><\/i> <\/li> <li class=\"list-inline-item mx-0\"> <i class=\"fas fa-star\"><\/i> <\/li> <\/ul> <div class=\"mb-auto\"> <p class=\"text-white mb-0\"> PacketPrep is the best platform to prepare for, campus placements. Their tests are awesome. <\/p> <\/div> <\/div> <div class=\"card-footer border-0 bg-primary text-white pt-0 px-5 pb-5\" > <div class=\"media\"> <div class=\"avatar avatar-circle mr-3\"> <img class=\"avatar-img\" src=\"https:\/\/piofx.s3.ap-south-1.amazonaws.com\/themes\/14\/file_ratingImg2.jpeg\" alt=\"Image Description\" \/> <\/div> <div class=\"media-body\"> <h4 class=\"text-white mb-1\">Sri Charan<\/h4> <small class=\"d-block text-light\" >MVSR Engineering College<\/small > <\/div> <\/div> <\/div> <\/div>   <div class=\"card shadow-none bg-transparent\"> <div class=\"card-body\"> <ul class=\"list-inline text-warning small\"> <li class=\"list-inline-item mx-0\"> <i class=\"fas fa-star\"><\/i> <\/li> <li class=\"list-inline-item mx-0\"> <i class=\"fas fa-star\"><\/i> <\/li> <li class=\"list-inline-item mx-0\"> <i class=\"fas fa-star\"><\/i> <\/li> <li class=\"list-inline-item mx-0\"> <i class=\"fas fa-star\"><\/i> <\/li> <li class=\"list-inline-item mx-0\"> <i class=\"fas fa-star\"><\/i> <\/li> <\/ul> <div class=\"mb-auto\"> <p class=\"mb-0\"> Thank you for training me & supporting me in cracking my first Job. <\/p> <\/div> <\/div> <div class=\"card-footer border-0 bg-transparent pt-0 px-5 pb-5\"> <div class=\"media\"> <div class=\"avatar avatar-circle mr-3\"> <img class=\"avatar-img\" src=\"https:\/\/piofx.s3.ap-south-1.amazonaws.com\/themes\/14\/file_ratingImg3.jpeg\" alt=\"Image Description\" \/> <\/div> <div class=\"media-body\"> <h4 class=\"mb-1\">Ankitha<\/h4> <small class=\"d-block text-body\" >Malla Reddy Engineering College<\/small > <\/div> <\/div> <\/div> <\/div>  <\/div>  <\/div>   <div class=\"container-fluid\"> <div class=\"bg-light rounded overflow-hidden space-top-lg-1 p-3 pl-lg-5 pl-md-8 mb-3 mb-lg-0\" > <div class=\"row justify-content-lg-between align-items-lg-center no-gutters\" > <div class=\"col-12 col-lg-6 text-center\"> <div class=\"mb-4\"> <h2>Get ready for your tech Job<\/h2> <\/div> <a class=\"btn btn-primary btn-wide btn-pill transition-3d-hover\" href=\"\/contact\" > Begin your Journey <i class=\"fas fa-angle-right fa-sm ml-1\"><\/i> <\/a> <\/div> <div class=\"col-12 col-lg-6 space-top-1 space-top-sm-2 ml-auto\"> <img class=\"img-fluid shadow-lg\" src=\"https:\/\/piofx.s3.ap-south-1.amazonaws.com\/themes\/14\/file_java-development-services.jpg\" alt=\"Image Description\" \/> <\/div> <\/div> <\/div> <\/div>  <\/main>   <footer class=\"container-fluid pt-5 pb-3 space-top-lg-1 bg-soft-primary\">  <div class=\"row mb-5\"> <div class=\"col-lg-4 ml-lg-auto mb-5 mb-lg-0\">  <div class=\"mb-4\"> <a href=\"\/\" aria-label=\"Front\"> <img class=\"brand\" src=\"https:\/\/piofx.s3.ap-south-1.amazonaws.com\/themes\/14\/file_packetPrepLogo.jpeg\" alt=\"Logo\" \/> <\/a> <\/div>   <ul class=\"nav nav-sm nav-x-0 nav-white flex-column\"> <li class=\"nav-item\"> <a class=\"nav-link media\" href=\"#\"> <span class=\"media\"> <span class=\"fas fa-location-arrow mt-1 mr-2 text-dark\" ><\/span> <span class=\"media-body text-dark\"> Packet Prep, 2nd floor, Oyester Uptown, Above Yum Yum Tree Restaurant, Beside Durgam Cheruvu Metro Station, Madhapur, Hyderabad-500081. <\/span> <\/span> <\/a> <\/li> <li class=\"nav-item\"> <a class=\"nav-link media\" href=\"tel:91-9000045750\"> <span class=\"media\"> <span class=\"fas fa-phone-alt mt-1 mr-2 text-dark\"><\/span> <span class=\"media-body text-dark\"> +91 90000 45750 <\/span> <\/span> <\/a> <\/li> <li class=\"nav-item\"> <a class=\"nav-link media\" href=\"tel:91-9959045750\"> <span class=\"media\"> <span class=\"fas fa-phone-alt mt-1 mr-2 text-dark\"><\/span> <span class=\"media-body text-dark\"> +91 99590 45750 <\/span> <\/span> <\/a> <\/li> <\/ul>  <\/div> <div class=\"col-6 col-md-6 col-lg-3 mb-3 mb-sm-0 pl-md-8\">  <ul class=\"nav nav-sm nav-x-0 flex-column\"> <li class=\"nav-item\"> <a class=\"nav-link\" href=\"\/testimonial\">Testimonials<\/a> <\/li> <li class=\"nav-item\"> <a class=\"nav-link\" href=\"\/curriculum\">Curriculum<\/a> <\/li> <li class=\"nav-item\"> <a class=\"nav-link\" href=\"\/faq\">FAQ <\/a> <\/li> <li class=\"nav-item\"> <a class=\"nav-link\" href=\"\/scholarship\" >Scholarship<\/a > <\/li> <li class=\"nav-item\"> <a class=\"nav-link\" href=\"\/fees\">Fees<\/a> <\/li> <\/ul>  <\/div> <div class=\"col-6 col-md-6 col-lg-3 mb-3 mb-sm-0\">  <ul class=\"nav nav-sm nav-x-0 flex-column\"> <li class=\"nav-item\"> <a class=\"nav-link\" href=\"https:\/\/www.facebook.com\/packetprep\" target=\"_blank\" ><i class=\"fab fa-facebook-square fa-2x\"><\/i ><\/a> <\/li> <li class=\"nav-item\"> <a class=\"nav-link\" href=\"https:\/\/www.instagram.com\/packetprep\/\" target=\"_blank\" ><i class=\"fab fa-instagram fa-2x\"><\/i ><\/a> <\/li> <li class=\"nav-item\"> <a class=\"nav-link\" href=\"https:\/\/mobile.twitter.com\/PacketPrep\" target=\"_blank\" ><i class=\"fab fa-twitter-square fa-2x\"><\/i ><\/a> <\/li> <li class=\"nav-item\"> <a class=\"nav-link\" href=\"https:\/\/www.linkedin.com\/company\/packet-prep\/\" target=\"_blank\" ><i class=\"fab fa-linkedin fa-2x\"><\/i ><\/a> <\/li> <\/ul>  <\/div> <\/div>   <div class=\"row align-items-sm-center mx-5\"> <div class=\"col-sm-12 mb-4 mb-sm-0\"> <p class=\"medium mb-0 text-center\"> &copy; packetprep 2021. All rights reserved. <\/p> <\/div> <\/div>  <\/footer>   <a class=\"js-go-to go-to position-fixed\" href=\"javascript:;\" style=\"visibility: hidden\" data-hs-go-to-options='{ \"offsetTop\": 700, \"position\": { \"init\": { \"right\": 15 }, \"show\": { \"bottom\": 15 }, \"hide\": { \"bottom\": -15 } } }' > <i class=\"fas fa-angle-up\"><\/i> <\/a>   <script src=\"https:\/\/piofx.s3.ap-south-1.amazonaws.com\/themes\/front\/vendor\/jquery\/dist\/jquery.min.js\"><\/script> <script src=\"https:\/\/piofx.s3.ap-south-1.amazonaws.com\/themes\/front\/vendor\/jquery-migrate\/dist\/jquery-migrate.min.js\"><\/script> <script src=\"https:\/\/piofx.s3.ap-south-1.amazonaws.com\/themes\/front\/vendor\/bootstrap\/dist\/js\/bootstrap.bundle.min.js\"><\/script>  <script src=\"https:\/\/piofx.s3.ap-south-1.amazonaws.com\/themes\/front\/vendor\/hs-header\/dist\/hs-header.min.js\"><\/script> <script src=\"https:\/\/piofx.s3.ap-south-1.amazonaws.com\/themes\/front\/vendor\/hs-go-to\/dist\/hs-go-to.min.js\"><\/script> <script src=\"https:\/\/piofx.s3.ap-south-1.amazonaws.com\/themes\/front\/vendor\/hs-unfold\/dist\/hs-unfold.min.js\"><\/script> <script src=\"https:\/\/piofx.s3.ap-south-1.amazonaws.com\/themes\/front\/vendor\/hs-mega-menu\/dist\/hs-mega-menu.min.js\"><\/script> <script src=\"https:\/\/piofx.s3.ap-south-1.amazonaws.com\/themes\/front\/vendor\/slick-carousel\/slick\/slick.js\"><\/script> <script src=\"https:\/\/piofx.s3.ap-south-1.amazonaws.com\/themes\/front\/vendor\/jquery-validation\/dist\/jquery.validate.min.js\"><\/script> <script src=\"https:\/\/piofx.s3.ap-south-1.amazonaws.com\/themes\/front\/vendor\/aos\/dist\/aos.js\"><\/script>  <script src=\"https:\/\/piofx.s3.ap-south-1.amazonaws.com\/themes\/front\/js\/hs.core.js\"><\/script> <script src=\"https:\/\/piofx.s3.ap-south-1.amazonaws.com\/themes\/front\/js\/hs.slick-carousel.js\"><\/script> <script src=\"https:\/\/piofx.s3.ap-south-1.amazonaws.com\/themes\/front\/js\/hs.validation.js\"><\/script> <script src=\"https:\/\/unpkg.com\/aos@2.3.1\/dist\/aos.js\"><\/script> <script src=\"\/js\/contact.js\"><\/script> <script src=\"\/js\/test.js\"><\/script> <script> AOS.init(); <\/script>  <script> $(document).on(\"ready\", function () { var header = new HSHeader($(\"#header\")).init(); var megaMenu = new HSMegaMenu($(\".js-mega-menu\"), { desktop: { position: \"left\", }, }).init(); var unfold = new HSUnfold(\".js-hs-unfold-invoker\").init(); $(\".js-slick-carousel\").each(function () { var slickCarousel = $.HSCore.components.HSSlickCarousel.init($(this)); }); $(\".js-validate\").each(function () { var validation = $.HSCore.components.HSValidation.init($(this)); }); AOS.init({ duration: 650, once: true, }); $(\".js-go-to\").each(function () { var goTo = new HSGoTo($(this)).init(); }); }); <\/script> <\/body><\/html>",
    "settings": "{\"date1\":\"16h March 2021\",\"slot1\":\"2:15 pm to 5:15 pm\",\"date2\":\"30th March 2021\",\"slot2\":\"2:30 pm to 5:30 pm\",\"date3\":\"12th April 2021\",\"slot3\":\"10:00 am to 1:00 pm\",\"date4\":\"26th April 2021\",\"slot4\":\"10:15 am to 1:15 pm\",\"date5\":\"10th May 2021\",\"slot5\":\"2:15 pm to 5:15 pm\"}",
    "admin": 1,
    "client_id": 12,
    "theme_id": 14,
    "agency_id": 1,
    "user_id": 44,
    "status": 1,
    "created_at": "2021-03-02T09:35:10.000000Z",
    "updated_at": "2021-05-05T08:30:34.000000Z"
}