{
    "id": 28,
    "name": "telegram free material",
    "slug": "telegram",
    "html": "{{@header}}\r\n\r\n    <!-- ========== MAIN ========== -->\r\n    <main id=\"content\" role=\"main\">\r\n        <div class=\"container   mx-auto  pt-4\">\r\n            <div>\r\n                <img class=\"img-fluid mt-5\" src=\"{{ &telegrambanner.png }}\"\r\n                    style=\"width: 100%; \" alt=\"No img\">\r\n            <\/div>\r\n            <div class=\"p-6 text-dark \">\r\n                <div class=\"p-2\">\r\n                    <h2>Goal<\/h2>\r\n                    <h4 class=\"text-muted\">Help you prepare for off campus interviews  <\/h4>\r\n                <\/div>\r\n                <div class=\"p-2\">\r\n                    <h2>Approach<\/h2>\r\n                    <h5 class=\"text-muted\">Daily practice tests on Aptitude and Programming  <\/h5>\r\n                <\/div>\r\n                <div class=\"p-2\">\r\n                    <h2>Mode <span class=\"badge badge-success\"> Online<\/span><\/h2>\r\n                    <h5 class=\"text-muted mb-4\">You can join our telegram group for the access to the free material and placement drive details  <\/h5>\r\n                    <a href=\"https:\/\/t.me\/packetprep\"  class=\"btn btn-primary\"> Join our Telegram Group<\/a>\r\n                <\/div>\r\n                <div class=\"py-3\">\r\n                    <h2>\r\n                        Schedule\r\n                    <\/h2>\r\n                    <p> Everyday we would share one pratice test on the following topics<\/p>\r\n                    <p>\r\n                    <table class=\"table table-bordered\">\r\n                          <thead >\r\n                            <tr class=\"bg-light\">\r\n                              <th scope=\"col\">#<\/th>\r\n                              <th scope=\"col\">Day<\/th>\r\n                              <th scope=\"col\">Topic<\/th>\r\n                            <\/tr>\r\n                          <\/thead>\r\n                          <tbody>\r\n                            <tr>\r\n                              <th scope=\"row\">1<\/th>\r\n                              <td>Monday<\/td>\r\n                              <td>Quant<\/td>\r\n                            <\/tr>\r\n                            <tr>\r\n                              <th scope=\"row\">2<\/th>\r\n                              <td>Tuesday<\/td>\r\n                              <td>Logical<\/td>\r\n                            <\/tr>\r\n                            <tr>\r\n                              <th scope=\"row\">3<\/th>\r\n                              <td>Wednesday<\/td>\r\n                              <td>Mental Ability<\/td>\r\n                            <\/tr>\r\n                            <tr>\r\n                              <th scope=\"row\">4<\/th>\r\n                              <td>Thursday<\/td>\r\n                              <td>Verbal Ability<\/td>\r\n                            <\/tr>\r\n                            <tr>\r\n                              <th scope=\"row\">5<\/th>\r\n                              <td>Friday<\/td>\r\n                              <td>C Programming<\/td>\r\n                            <\/tr>\r\n                            <tr>\r\n                              <th scope=\"row\">6<\/th>\r\n                              <td>Saturday<\/td>\r\n                              <td>Python Programming<\/td>\r\n                            <\/tr>\r\n                            <tr>\r\n                              <th scope=\"row\">7<\/th>\r\n                              <td>Sunday<\/td>\r\n                              <td>Computer Awareness<\/td>\r\n                            <\/tr>\r\n                          <\/tbody>\r\n                        <\/table>\r\n                    <\/p>\r\n\r\n                    <p> All the questions used in the above practice tests are frequently asked questions from TCS, Wirpo, Infosys, Accenture, Deliotte, Capgemini, Cognizant and other. <\/p>\r\n                    <p> Doing a regular practice of aptitude can essnetially boost your selection by 2X. \r\n                    <\/p>\r\n                <\/div>\r\n            <\/div>\r\n        <\/div>\r\n\r\n    <\/main>\r\n    <!-- ========== END MAIN ========== -->\r\n    {{@footer}}",
    "html_minified": "<!DOCTYPE html><html lang=\"en\"> <head>  <title>Telegram Channel<\/title>  <meta charset=\"utf-8\" \/> <meta name=\"viewport\" content=\"width=device-width, initial-scale=1, shrink-to-fit=no\" \/><meta name=\"description\" content=\"Excellent training to help you crack a technical job in top MNC where you pay the fee only after placement. \">  <link rel=\"shortcut icon\" href=\"https:\/\/piofx.s3.ap-south-1.amazonaws.com\/themes\/14\/file_logo.jpeg\" \/> <link href=\"https:\/\/unpkg.com\/aos@2.3.1\/dist\/aos.css\" rel=\"stylesheet\" \/>  <link href=\"https:\/\/fonts.googleapis.com\/css?family=Open+Sans:400,600&display=swap\" rel=\"stylesheet\" \/>  <link rel=\"stylesheet\" href=\"https:\/\/piofx.s3.ap-south-1.amazonaws.com\/themes\/front\/vendor\/font-awesome\/css\/all.min.css\" \/> <link rel=\"stylesheet\" href=\"https:\/\/piofx.s3.ap-south-1.amazonaws.com\/themes\/front\/vendor\/hs-mega-menu\/dist\/hs-mega-menu.min.css\" \/> <link rel=\"stylesheet\" href=\"https:\/\/piofx.s3.ap-south-1.amazonaws.com\/themes\/front\/vendor\/slick-carousel\/slick\/slick.css\" \/> <link rel=\"stylesheet\" href=\"https:\/\/piofx.s3.ap-south-1.amazonaws.com\/themes\/front\/vendor\/aos\/dist\/aos.css\" \/>  <link rel=\"stylesheet\" href=\"https:\/\/piofx.s3.ap-south-1.amazonaws.com\/themes\/front\/css\/theme.css\" \/> <style> html{ overflow-x: hidden; } .small_hero img{ display: none; } @media only screen and (max-width: 768px) { .small_hero img { display: block; box-sizing: border-box; } @media only screen and (max-width: 998px) { .para_line { line-height:28px; } } <\/style> <\/head> <body style=\"overflow-x: hidden;\">  <header id=\"header\" class=\"header center-aligned-navbar header-bg-transparent header-white-nav-links-lg header-abs-top\" style=\"background-color:rgb(35 111 177);\" data-hs-header-options='{ \"fixMoment\": 1000, \"fixEffect\": \"slide\" }'> <div class=\"header-section\"> <div id=\"logoAndNav\" class=\"container\">  <nav class=\"js-mega-menu navbar navbar-expand-lg\"> <div class=\"navbar-nav-wrap\">  <a class=\"navbar-brand navbar-nav-wrap-brand\" href=\"\/\" aria-label=\"Front\"> <img src=\"https:\/\/piofx.s3.ap-south-1.amazonaws.com\/themes\/14\/file_packetPrepLogo.jpeg\" style=\"width: 80px; height: 80px;\" alt=\"Logo\"> <\/a>   <div class=\"navbar-nav-wrap-content text-center\"> <div class=\"mr-3 m-lg-0\"> <a class=\"btn btn-sm btn-light transition-3d-hover\" href=\"\/contact\" > Apply Now <\/a> <\/div> <\/div>   <button type=\"button\" class=\"navbar-toggler navbar-nav-wrap-toggler btn btn-icon btn-sm rounded-circle\" aria-label=\"Toggle navigation\" aria-expanded=\"false\" aria-controls=\"navBar\" data-toggle=\"collapse\" data-target=\"#navBar\"> <span class=\"navbar-toggler-default\"> <svg width=\"14\" height=\"14\" viewBox=\"0 0 18 18\" xmlns=\"http:\/\/www.w3.org\/2000\/svg\"> <path fill=\"currentColor\" d=\"M17.4,6.2H0.6C0.3,6.2,0,5.9,0,5.5V4.1c0-0.4,0.3-0.7,0.6-0.7h16.9c0.3,0,0.6,0.3,0.6,0.7v1.4C18,5.9,17.7,6.2,17.4,6.2z M17.4,14.1H0.6c-0.3,0-0.6-0.3-0.6-0.7V12c0-0.4,0.3-0.7,0.6-0.7h16.9c0.3,0,0.6,0.3,0.6,0.7v1.4C18,13.7,17.7,14.1,17.4,14.1z\" \/> <\/svg> <\/span> <span class=\"navbar-toggler-toggled\"> <svg width=\"14\" height=\"14\" viewBox=\"0 0 18 18\" xmlns=\"http:\/\/www.w3.org\/2000\/svg\"> <path fill=\"currentColor\" d=\"M11.5,9.5l5-5c0.2-0.2,0.2-0.6-0.1-0.9l-1-1c-0.3-0.3-0.7-0.3-0.9-0.1l-5,5l-5-5C4.3,2.3,3.9,2.4,3.6,2.6l-1,1 C2.4,3.9,2.3,4.3,2.5,4.5l5,5l-5,5c-0.2,0.2-0.2,0.6,0.1,0.9l1,1c0.3,0.3,0.7,0.3,0.9,0.1l5-5l5,5c0.2,0.2,0.6,0.2,0.9-0.1l1-1 c0.3-0.3,0.3-0.7,0.1-0.9L11.5,9.5z\" \/> <\/svg> <\/span> <\/button>   <div id=\"navBar\" class=\"collapse navbar-collapse navbar-nav-wrap-collapse\"> <div class=\"navbar-body header-abs-top-inner\"> <ul class=\"navbar-nav\">  <li class=\"hs-has-mega-menu navbar-nav-item mx-3\"> <a id=\"homeMegaMenu\" class=\"hs-mega-menu-invoker nav-link \" href=\"\/\" aria-haspopup=\"true\" aria-expanded=\"false\">Home<\/a>  <div class=\"hs-mega-menu\" aria-labelledby=\"homeMegaMenu\"> <\/div>  <\/li>   <li class=\"hs-has-sub-menu navbar-nav-item mx-3\"> <a id=\"pagesMegaMenu\" class=\"hs-mega-menu-invoker nav-link\" href=\"\/curriculum\" aria-haspopup=\"true\" aria-expanded=\"false\" aria-labelledby=\"pagesSubMenu\">Curriculum<\/a>  <div id=\"pagesSubMenu\" class=\"hs-sub-menu \" aria-labelledby=\"pagesMegaMenu\" style=\"min-width: 230px;\"> <\/div>  <\/li>   <li class=\"hs-has-sub-menu navbar-nav-item mx-3\"> <a id=\"blogMegaMenu\" class=\"hs-mega-menu-invoker nav-link \" href=\"\/faq\" aria-haspopup=\"true\" aria-expanded=\"false\" aria-labelledby=\"blogSubMenu\">FAQ<\/a>  <div id=\"blogSubMenu\" class=\"hs-sub-menu \" aria-labelledby=\"blogMegaMenu\" style=\"min-width: 230px;\"> <\/div>  <\/li>   <li class=\"hs-has-mega-menu navbar-nav-item mx-3\" data-hs-mega-menu-item-options='{ \"desktop\": { \"position\": \"right\", \"maxWidth\": \"440px\" } }'> <a id=\"shopMegaMenu\" class=\"hs-mega-menu-invoker nav-link\" href=\"\/scholarship\" aria-haspopup=\"true\" aria-expanded=\"false\">Scholarship<\/a>  <div class=\"hs-mega-menu \" aria-labelledby=\"shopMegaMenu\"> <\/div>  <\/li>   <li class=\"hs-has-mega-menu navbar-nav-item mx-3 \" data-hs-mega-menu-item-options='{ \"desktop\": { \"position\": \"right\", \"maxWidth\": \"260px\" } }'> <a id=\"docsMegaMenu\" class=\"hs-mega-menu-invoker nav-link\" href=\"\/fees\" aria-haspopup=\"true\" aria-expanded=\"false\">Fees<\/a>  <div class=\"hs-mega-menu \" aria-labelledby=\"docsMegaMenu\" style=\"min-width: 330px;\"> <\/div>  <\/li>  <\/ul> <\/div> <\/div>  <\/div> <\/nav>  <\/div> <\/div> <\/header>   <main id=\"content\" role=\"main\"> <div class=\"container mx-auto pt-4\"> <div> <img class=\"img-fluid mt-5\" src=\"https:\/\/piofx.s3.ap-south-1.amazonaws.com\/themes\/14\/file_telegrambanner.png\" style=\"width: 100%; \" alt=\"No img\"> <\/div> <div class=\"p-6 text-dark \"> <div class=\"p-2\"> <h2>Goal<\/h2> <h4 class=\"text-muted\">Help you prepare for off campus interviews <\/h4> <\/div> <div class=\"p-2\"> <h2>Approach<\/h2> <h5 class=\"text-muted\">Daily practice tests on Aptitude and Programming <\/h5> <\/div> <div class=\"p-2\"> <h2>Mode <span class=\"badge badge-success\"> Online<\/span><\/h2> <h5 class=\"text-muted mb-4\">You can join our telegram group for the access to the free material and placement drive details <\/h5> <a href=\"https:\/\/t.me\/packetprep\" class=\"btn btn-primary\"> Join our Telegram Group<\/a> <\/div> <div class=\"py-3\"> <h2> Schedule <\/h2> <p> Everyday we would share one pratice test on the following topics<\/p> <p> <table class=\"table table-bordered\"> <thead > <tr class=\"bg-light\"> <th scope=\"col\">#<\/th> <th scope=\"col\">Day<\/th> <th scope=\"col\">Topic<\/th> <\/tr> <\/thead> <tbody> <tr> <th scope=\"row\">1<\/th> <td>Monday<\/td> <td>Quant<\/td> <\/tr> <tr> <th scope=\"row\">2<\/th> <td>Tuesday<\/td> <td>Logical<\/td> <\/tr> <tr> <th scope=\"row\">3<\/th> <td>Wednesday<\/td> <td>Mental Ability<\/td> <\/tr> <tr> <th scope=\"row\">4<\/th> <td>Thursday<\/td> <td>Verbal Ability<\/td> <\/tr> <tr> <th scope=\"row\">5<\/th> <td>Friday<\/td> <td>C Programming<\/td> <\/tr> <tr> <th scope=\"row\">6<\/th> <td>Saturday<\/td> <td>Python Programming<\/td> <\/tr> <tr> <th scope=\"row\">7<\/th> <td>Sunday<\/td> <td>Computer Awareness<\/td> <\/tr> <\/tbody> <\/table> <\/p> <p> All the questions used in the above practice tests are frequently asked questions from TCS, Wirpo, Infosys, Accenture, Deliotte, Capgemini, Cognizant and other. <\/p> <p> Doing a regular practice of aptitude can essnetially boost your selection by 2X. <\/p> <\/div> <\/div> <\/div> <\/main>   <footer class=\"container-fluid pt-5 pb-3 space-top-lg-1 bg-soft-primary\">  <div class=\"row mb-5\"> <div class=\"col-lg-4 ml-lg-auto mb-5 mb-lg-0\">  <div class=\"mb-4\"> <a href=\"\/\" aria-label=\"Front\"> <img class=\"brand\" src=\"https:\/\/piofx.s3.ap-south-1.amazonaws.com\/themes\/14\/file_packetPrepLogo.jpeg\" alt=\"Logo\" \/> <\/a> <\/div>   <ul class=\"nav nav-sm nav-x-0 nav-white flex-column\"> <li class=\"nav-item\"> <a class=\"nav-link media\" href=\"#\"> <span class=\"media\"> <span class=\"fas fa-location-arrow mt-1 mr-2 text-dark\" ><\/span> <span class=\"media-body text-dark\"> Packet Prep, 2nd floor, Oyester Uptown, Above Yum Yum Tree Restaurant, Beside Durgam Cheruvu Metro Station, Madhapur, Hyderabad-500081. <\/span> <\/span> <\/a> <\/li> <li class=\"nav-item\"> <a class=\"nav-link media\" href=\"tel:91-9000045750\"> <span class=\"media\"> <span class=\"fas fa-phone-alt mt-1 mr-2 text-dark\"><\/span> <span class=\"media-body text-dark\"> +91 90000 45750 <\/span> <\/span> <\/a> <\/li> <li class=\"nav-item\"> <a class=\"nav-link media\" href=\"tel:91-9959045750\"> <span class=\"media\"> <span class=\"fas fa-phone-alt mt-1 mr-2 text-dark\"><\/span> <span class=\"media-body text-dark\"> +91 99590 45750 <\/span> <\/span> <\/a> <\/li> <\/ul>  <\/div> <div class=\"col-6 col-md-6 col-lg-3 mb-3 mb-sm-0 pl-md-8\">  <ul class=\"nav nav-sm nav-x-0 flex-column\"> <li class=\"nav-item\"> <a class=\"nav-link\" href=\"\/testimonial\">Testimonials<\/a> <\/li> <li class=\"nav-item\"> <a class=\"nav-link\" href=\"\/curriculum\">Curriculum<\/a> <\/li> <li class=\"nav-item\"> <a class=\"nav-link\" href=\"\/faq\">FAQ <\/a> <\/li> <li class=\"nav-item\"> <a class=\"nav-link\" href=\"\/scholarship\" >Scholarship<\/a > <\/li> <li class=\"nav-item\"> <a class=\"nav-link\" href=\"\/fees\">Fees<\/a> <\/li> <\/ul>  <\/div> <div class=\"col-6 col-md-6 col-lg-3 mb-3 mb-sm-0\">  <ul class=\"nav nav-sm nav-x-0 flex-column\"> <li class=\"nav-item\"> <a class=\"nav-link\" href=\"https:\/\/www.facebook.com\/packetprep\" target=\"_blank\" ><i class=\"fab fa-facebook-square fa-2x\"><\/i ><\/a> <\/li> <li class=\"nav-item\"> <a class=\"nav-link\" href=\"https:\/\/www.instagram.com\/packetprep\/\" target=\"_blank\" ><i class=\"fab fa-instagram fa-2x\"><\/i ><\/a> <\/li> <li class=\"nav-item\"> <a class=\"nav-link\" href=\"https:\/\/mobile.twitter.com\/PacketPrep\" target=\"_blank\" ><i class=\"fab fa-twitter-square fa-2x\"><\/i ><\/a> <\/li> <li class=\"nav-item\"> <a class=\"nav-link\" href=\"https:\/\/www.linkedin.com\/company\/packet-prep\/\" target=\"_blank\" ><i class=\"fab fa-linkedin fa-2x\"><\/i ><\/a> <\/li> <\/ul>  <\/div> <\/div>   <div class=\"row align-items-sm-center mx-5\"> <div class=\"col-sm-12 mb-4 mb-sm-0\"> <p class=\"medium mb-0 text-center\"> &copy; packetprep 2021. All rights reserved. <\/p> <\/div> <\/div>  <\/footer>   <a class=\"js-go-to go-to position-fixed\" href=\"javascript:;\" style=\"visibility: hidden\" data-hs-go-to-options='{ \"offsetTop\": 700, \"position\": { \"init\": { \"right\": 15 }, \"show\": { \"bottom\": 15 }, \"hide\": { \"bottom\": -15 } } }' > <i class=\"fas fa-angle-up\"><\/i> <\/a>   <script src=\"https:\/\/piofx.s3.ap-south-1.amazonaws.com\/themes\/front\/vendor\/jquery\/dist\/jquery.min.js\"><\/script> <script src=\"https:\/\/piofx.s3.ap-south-1.amazonaws.com\/themes\/front\/vendor\/jquery-migrate\/dist\/jquery-migrate.min.js\"><\/script> <script src=\"https:\/\/piofx.s3.ap-south-1.amazonaws.com\/themes\/front\/vendor\/bootstrap\/dist\/js\/bootstrap.bundle.min.js\"><\/script>  <script src=\"https:\/\/piofx.s3.ap-south-1.amazonaws.com\/themes\/front\/vendor\/hs-header\/dist\/hs-header.min.js\"><\/script> <script src=\"https:\/\/piofx.s3.ap-south-1.amazonaws.com\/themes\/front\/vendor\/hs-go-to\/dist\/hs-go-to.min.js\"><\/script> <script src=\"https:\/\/piofx.s3.ap-south-1.amazonaws.com\/themes\/front\/vendor\/hs-unfold\/dist\/hs-unfold.min.js\"><\/script> <script src=\"https:\/\/piofx.s3.ap-south-1.amazonaws.com\/themes\/front\/vendor\/hs-mega-menu\/dist\/hs-mega-menu.min.js\"><\/script> <script src=\"https:\/\/piofx.s3.ap-south-1.amazonaws.com\/themes\/front\/vendor\/slick-carousel\/slick\/slick.js\"><\/script> <script src=\"https:\/\/piofx.s3.ap-south-1.amazonaws.com\/themes\/front\/vendor\/jquery-validation\/dist\/jquery.validate.min.js\"><\/script> <script src=\"https:\/\/piofx.s3.ap-south-1.amazonaws.com\/themes\/front\/vendor\/aos\/dist\/aos.js\"><\/script>  <script src=\"https:\/\/piofx.s3.ap-south-1.amazonaws.com\/themes\/front\/js\/hs.core.js\"><\/script> <script src=\"https:\/\/piofx.s3.ap-south-1.amazonaws.com\/themes\/front\/js\/hs.slick-carousel.js\"><\/script> <script src=\"https:\/\/piofx.s3.ap-south-1.amazonaws.com\/themes\/front\/js\/hs.validation.js\"><\/script> <script src=\"https:\/\/unpkg.com\/aos@2.3.1\/dist\/aos.js\"><\/script> <script src=\"\/js\/contact.js\"><\/script> <script src=\"\/js\/test.js\"><\/script> <script> AOS.init(); <\/script>  <script> $(document).on(\"ready\", function () { var header = new HSHeader($(\"#header\")).init(); var megaMenu = new HSMegaMenu($(\".js-mega-menu\"), { desktop: { position: \"left\", }, }).init(); var unfold = new HSUnfold(\".js-hs-unfold-invoker\").init(); $(\".js-slick-carousel\").each(function () { var slickCarousel = $.HSCore.components.HSSlickCarousel.init($(this)); }); $(\".js-validate\").each(function () { var validation = $.HSCore.components.HSValidation.init($(this)); }); AOS.init({ duration: 650, once: true, }); $(\".js-go-to\").each(function () { var goTo = new HSGoTo($(this)).init(); }); }); <\/script> <\/body><\/html>",
    "settings": "{\r\n    \"title\":\"Telegram Channel\"\r\n}",
    "admin": 1,
    "client_id": 12,
    "theme_id": 14,
    "agency_id": 1,
    "user_id": 1,
    "status": 1,
    "created_at": "2021-04-03T10:55:38.000000Z",
    "updated_at": "2021-05-05T08:30:34.000000Z"
}