{
    "id": 14,
    "name": "TechPP",
    "slug": "TechPP",
    "settings": "{\n    \"title\": \"Job Guaranteed Training Program | Java Fullstack | Pay after placement| Hyderabad | Packetprep\",\n    \"description\": \"Excellent training to help you crack a technical job in top MNC where you pay the fee only after placement. \"\n}",
    "client_id": 12,
    "agency_id": 1,
    "user_id": 44,
    "status": 1,
    "created_at": "2021-03-02T09:34:25.000000Z",
    "updated_at": "2021-03-04T04:52:19.000000Z"
}