{
    "id": 2,
    "name": "head",
    "slug": "head",
    "html": "<!doctype html>\r\n<html class=\"no-js\" lang=\"en\">\r\n\r\n<head>\r\n    <meta charset=\"utf-8\">\r\n    \r\n    <!--====== Title ======-->\r\n    <title>{{:meta_title}}<\/title>\r\n    \r\n    <meta name=\"description\" content=\"\">\r\n    <meta name=\"viewport\" content=\"width=device-width, initial-scale=1\">\r\n\r\n    <!--====== Favicon Icon ======-->\r\n    <link rel=\"shortcut icon\" href=\"assets\/images\/favicon.png\" type=\"image\/png\">\r\n        \r\n    <!--====== Magnific Popup CSS ======-->\r\n    <link rel=\"stylesheet\" href=\"{{ &magnific-popup.css }}\">\r\n        \r\n    <!--====== Slick CSS ======-->\r\n    <link rel=\"stylesheet\" href=\"{{ &slick.css }}\">\r\n        \r\n    <!--====== Line Icons CSS ======-->\r\n    <link rel=\"stylesheet\" href=\"{{ &LineIcons.css }}\">\r\n        \r\n    <!--====== Bootstrap CSS ======-->\r\n    <link rel=\"stylesheet\" href=\"{{ &bootstrap.min.css }}\">\r\n    \r\n    <!--====== Default CSS ======-->\r\n    <link rel=\"stylesheet\" href=\"{{ &default.css }}\">\r\n    \r\n    <!--====== Style CSS ======-->\r\n    <link rel=\"stylesheet\" href=\"{{ &style.css }}\">\r\n    {{$name}}\r\n{{$nm}}\r\n<\/head>",
    "html_minified": "<!doctype html><html class=\"no-js\" lang=\"en\"><head> <meta charset=\"utf-8\">  <title>Smash Lite<\/title> <meta name=\"description\" content=\"\"> <meta name=\"viewport\" content=\"width=device-width, initial-scale=1\">  <link rel=\"shortcut icon\" href=\"assets\/images\/favicon.png\" type=\"image\/png\">  <link rel=\"stylesheet\" href=\"\/storage\/themes\/7\/file_7_magnific-popup.css\">  <link rel=\"stylesheet\" href=\"\/storage\/themes\/7\/file_7_slick.css\">  <link rel=\"stylesheet\" href=\"\/storage\/themes\/7\/file_7_LineIcons.css\">  <link rel=\"stylesheet\" href=\"\/storage\/themes\/7\/file_7_bootstrap.min.css\">  <link rel=\"stylesheet\" href=\"\/storage\/themes\/7\/file_7_default.css\">  <link rel=\"stylesheet\" href=\"\/storage\/themes\/7\/file_7_style.css\">\ntejas old day<\/head>",
    "settings": "{\"nm\":\"tejas old day\"}",
    "admin": 1,
    "client_id": 1,
    "agency_id": 1,
    "theme_id": 7,
    "user_id": 1,
    "status": 1,
    "created_at": "2021-02-19T05:34:25.000000Z",
    "updated_at": "2021-02-20T17:27:43.000000Z"
}