{
    "id": 8,
    "name": "App",
    "slug": "+",
    "html": "{{@head}}\r\n<body>\r\nsample contact form\r\n<!--====== FEATRES TWO PART START ======-->\r\n\r\n    <section id=\"services\" class=\"features-area\">\r\n        <div class=\"container\">\r\n            <div class=\"row justify-content-center\">\r\n                <div class=\"col-lg-6 col-md-10\">\r\n                    <div class=\"section-title text-center pb-10\">\r\n                        <h3 class=\"title\">Our Services<\/h3>\r\n                        <p class=\"text\">Stop wasting time and money designing and managing a website that doesn\u2019t get results. Happiness guaranteed!<\/p>\r\n                    <\/div> <!-- row -->\r\n                <\/div>\r\n            <\/div> <!-- row -->\r\n     \t{{+}}\r\n            <\/div> <!-- row -->\r\n        <\/div> <!-- container -->\r\n    <\/section>\r\n\r\n    <!--====== FEATRES TWO PART ENDS ======-->\r\n\r\n<\/body>",
    "html_minified": "<!doctype html><html class=\"no-js\" lang=\"en\"><head> <meta charset=\"utf-8\"> <title>Smash Lite<\/title> <meta name=\"description\" content=\"\"> <meta name=\"viewport\" content=\"width=device-width, initial-scale=1\"> <link rel=\"shortcut icon\" href=\"assets\/images\/favicon.png\" type=\"image\/png\"> <link rel=\"stylesheet\" href=\"\/storage\/themes\/7\/file_7_magnific-popup.css\"> <link rel=\"stylesheet\" href=\"\/storage\/themes\/7\/file_7_slick.css\"> <link rel=\"stylesheet\" href=\"\/storage\/themes\/7\/file_7_LineIcons.css\"> <link rel=\"stylesheet\" href=\"\/storage\/themes\/7\/file_7_bootstrap.min.css\"> <link rel=\"stylesheet\" href=\"\/storage\/themes\/7\/file_7_default.css\"> <link rel=\"stylesheet\" href=\"\/storage\/themes\/7\/file_7_style.css\">tejas old day<\/head><body>sample contact form <section id=\"services\" class=\"features-area\"> <div class=\"container\"> <div class=\"row justify-content-center\"> <div class=\"col-lg-6 col-md-10\"> <div class=\"section-title text-center pb-10\"> <h3 class=\"title\">Our Services<\/h3> <p class=\"text\">Stop wasting time and money designing and managing a website that doesn\u2019t get results. Happiness guaranteed!<\/p> <\/div>  <\/div> <\/div> \t{{+}} <\/div>  <\/div>  <\/section> <\/body>",
    "settings": null,
    "admin": 1,
    "client_id": 1,
    "theme_id": 7,
    "agency_id": 1,
    "user_id": 1,
    "status": 1,
    "created_at": "2021-02-23T07:29:21.000000Z",
    "updated_at": "2021-02-23T07:35:04.000000Z"
}