{
    "id": 7,
    "name": "footer2",
    "slug": "footer2",
    "html": "<!-- ========== FOOTER ========== -->\r\n    <footer class=\"container-fluid pt-5 pb-3 space-top-lg-1 bg-soft-primary\">\r\n      <!-- Links -->\r\n      <div class=\"row mb-5\">\r\n        <div class=\"col-lg-4 ml-lg-auto mb-5 mb-lg-0\">\r\n          <!-- Logo -->\r\n          <div class=\"mb-4\">\r\n            <a href=\"\/\" aria-label=\"Front\">\r\n              <img\r\n                class=\"brand\"\r\n                src=\"{{ &packetPrepLogo.jpeg }}\"\r\n                alt=\"Logo\"\r\n              \/>\r\n            <\/a>\r\n          <\/div>\r\n          <!-- End Logo -->\r\n\r\n          <!-- Nav Link -->\r\n          <ul class=\"nav nav-sm nav-x-0 nav-white flex-column\">\r\n            <li class=\"nav-item\">\r\n              <a class=\"nav-link media\" href=\"#\">\r\n                <span class=\"media\">\r\n                  <span\r\n                    class=\"fas fa-location-arrow mt-1 mr-2 text-dark\"\r\n                  ><\/span>\r\n                  <span class=\"media-body text-dark\">\r\n                    Packet Prep, 2nd floor, Oyester Uptown, Above Yum Yum Tree\r\n                    Restaurant, Beside Durgam Cheruvu Metro Station, Madhapur,\r\n                    Hyderabad-500081.\r\n                  <\/span>\r\n                <\/span>\r\n              <\/a>\r\n            <\/li>\r\n            <li class=\"nav-item\">\r\n              <a class=\"nav-link media\" href=\"tel:91-9000045750\">\r\n                <span class=\"media\">\r\n                  <span class=\"fas fa-phone-alt mt-1 mr-2 text-dark\"><\/span>\r\n                  <span class=\"media-body text-dark\"> +91 90000 45750 <\/span>\r\n                <\/span>\r\n              <\/a>\r\n            <\/li>\r\n             <li class=\"nav-item\">\r\n              <a class=\"nav-link media\" href=\"tel:91-9959045750\">\r\n                <span class=\"media\">\r\n                  <span class=\"fas fa-phone-alt mt-1 mr-2 text-dark\"><\/span>\r\n                  <span class=\"media-body text-dark\"> +91 99590 45750 <\/span>\r\n                <\/span>\r\n              <\/a>\r\n            <\/li>\r\n          <\/ul>\r\n          <!-- End Nav Link -->\r\n        <\/div>\r\n\r\n        <div class=\"col-6 col-md-6 col-lg-3 mb-3 mb-sm-0 pl-md-8\">\r\n          <!-- Nav Links -->\r\n          <ul class=\"nav nav-sm nav-x-0 flex-column\">\r\n            <li class=\"nav-item\">\r\n              <a class=\"nav-link\" href=\"\/testimonial\">Testimonials<\/a>\r\n            <\/li>\r\n            <li class=\"nav-item\">\r\n              <a class=\"nav-link\" href=\"\/curriculum\">Curriculum<\/a>\r\n            <\/li>\r\n            <li class=\"nav-item\">\r\n              <a class=\"nav-link\" href=\"\/faq\">FAQ <\/a>\r\n            <\/li>\r\n            <li class=\"nav-item\">\r\n              <a class=\"nav-link\" href=\"\/scholarship\"\r\n                >Scholarship<\/a\r\n              >\r\n            <\/li>\r\n            <li class=\"nav-item\">\r\n              <a class=\"nav-link\" href=\"\/fees\">Fees<\/a>\r\n            <\/li>\r\n          <\/ul>\r\n          <!-- End Nav Links -->\r\n        <\/div>\r\n        <div class=\"col-6 col-md-6 col-lg-3 mb-3 mb-sm-0\">\r\n          <!-- Nav Links -->\r\n          <ul class=\"nav nav-sm nav-x-0 flex-column\">\r\n            <li class=\"nav-item\">\r\n              <a\r\n                class=\"nav-link\"\r\n                href=\"https:\/\/www.facebook.com\/packetprep\"\r\n                target=\"_blank\"\r\n                ><i class=\"fab fa-facebook-square fa-2x\"><\/i\r\n              ><\/a>\r\n            <\/li>\r\n            <li class=\"nav-item\">\r\n              <a\r\n                class=\"nav-link\"\r\n                href=\"https:\/\/www.instagram.com\/packetprep\/\"\r\n                target=\"_blank\"\r\n                ><i class=\"fab fa-instagram fa-2x\"><\/i\r\n              ><\/a>\r\n            <\/li>\r\n            <li class=\"nav-item\">\r\n              <a\r\n                class=\"nav-link\"\r\n                href=\"https:\/\/mobile.twitter.com\/PacketPrep\"\r\n                target=\"_blank\"\r\n                ><i class=\"fab fa-twitter-square fa-2x\"><\/i\r\n              ><\/a>\r\n            <\/li>\r\n            <li class=\"nav-item\">\r\n              <a\r\n                class=\"nav-link\"\r\n                href=\"https:\/\/www.linkedin.com\/company\/packet-prep\/\"\r\n                target=\"_blank\"\r\n                ><i class=\"fab fa-linkedin fa-2x\"><\/i\r\n              ><\/a>\r\n            <\/li>\r\n          <\/ul>\r\n          <!-- End Nav Links -->\r\n        <\/div>\r\n      <\/div>\r\n      <!-- End Links -->\r\n      <!-- Copyright -->\r\n      <div class=\"row align-items-sm-center mx-5\">\r\n        <div class=\"col-sm-12 mb-4 mb-sm-0\">\r\n          <p class=\"medium mb-0 text-center\">\r\n            &copy; packetprep 2021. All rights reserved.\r\n          <\/p>\r\n        <\/div>\r\n      <\/div>\r\n      <!-- End Copyright -->\r\n    <\/footer>\r\n    <!-- ========== END FOOTER ========== -->\r\n\r\n    <!-- Go to Top -->\r\n    <a\r\n      class=\"js-go-to go-to position-fixed\"\r\n      href=\"javascript:;\"\r\n      style=\"visibility: hidden\"\r\n      data-hs-go-to-options='{\r\n       \"offsetTop\": 700,\r\n       \"position\": {\r\n         \"init\": {\r\n           \"right\": 15\r\n         },\r\n         \"show\": {\r\n           \"bottom\": 15\r\n         },\r\n         \"hide\": {\r\n           \"bottom\": -15\r\n         }\r\n       }\r\n     }'\r\n    >\r\n      <i class=\"fas fa-angle-up\"><\/i>\r\n    <\/a>\r\n    <!-- End Go to Top -->\r\n\r\n    <!-- JS Global Compulsory -->\r\n    <script src=\"\/themes\/front\/vendor\/jquery\/dist\/jquery.min.js\"><\/script>\r\n    <script src=\"\/themes\/front\/vendor\/jquery-migrate\/dist\/jquery-migrate.min.js\"><\/script>\r\n    <script src=\"\/themes\/front\/vendor\/bootstrap\/dist\/js\/bootstrap.bundle.min.js\"><\/script>\r\n\r\n    <!-- JS Implementing Plugins -->\r\n    <script src=\"\/themes\/front\/vendor\/hs-header\/dist\/hs-header.min.js\"><\/script>\r\n    <script src=\"\/themes\/front\/vendor\/hs-go-to\/dist\/hs-go-to.min.js\"><\/script>\r\n    <script src=\"\/themes\/front\/vendor\/hs-unfold\/dist\/hs-unfold.min.js\"><\/script>\r\n    <script src=\"\/themes\/front\/vendor\/hs-mega-menu\/dist\/hs-mega-menu.min.js\"><\/script>\r\n    <script src=\"\/themes\/front\/vendor\/slick-carousel\/slick\/slick.js\"><\/script>\r\n    <script src=\"\/themes\/front\/vendor\/jquery-validation\/dist\/jquery.validate.min.js\"><\/script>\r\n    <script src=\"\/themes\/front\/vendor\/aos\/dist\/aos.js\"><\/script>\r\n\r\n    <!-- JS Front -->\r\n    <script src=\"\/themes\/front\/js\/hs.core.js\"><\/script>\r\n    <script src=\"\/themes\/front\/js\/hs.slick-carousel.js\"><\/script>\r\n    <script src=\"\/themes\/front\/js\/hs.validation.js\"><\/script>\r\n    <script src=\"https:\/\/unpkg.com\/aos@2.3.1\/dist\/aos.js\"><\/script>\r\n    <script>\r\n      AOS.init();\r\n    <\/script>\r\n    <script src=\"\/js\/test.js\"><\/script>\r\n\r\n    <!-- JS Plugins Init. -->\r\n    <script>\r\n      $(document).on(\"ready\", function () {\r\n        var header = new HSHeader($(\"#header\")).init();\r\n\r\n        var megaMenu = new HSMegaMenu($(\".js-mega-menu\"), {\r\n          desktop: {\r\n            position: \"left\",\r\n          },\r\n        }).init();\r\n\r\n        var unfold = new HSUnfold(\".js-hs-unfold-invoker\").init();\r\n\r\n        $(\".js-slick-carousel\").each(function () {\r\n          var slickCarousel = $.HSCore.components.HSSlickCarousel.init($(this));\r\n        });\r\n\r\n        $(\".js-validate\").each(function () {\r\n          var validation = $.HSCore.components.HSValidation.init($(this));\r\n        });\r\n\r\n        AOS.init({\r\n          duration: 650,\r\n          once: true,\r\n        });\r\n\r\n        $(\".js-go-to\").each(function () {\r\n          var goTo = new HSGoTo($(this)).init();\r\n        });\r\n      });\r\n    <\/script>\r\n\r\n   \r\n  <\/body>\r\n<\/html>",
    "html_minified": " <footer class=\"container-fluid pt-5 pb-3 space-top-lg-1 bg-soft-primary\">  <div class=\"row mb-5\"> <div class=\"col-lg-4 ml-lg-auto mb-5 mb-lg-0\">  <div class=\"mb-4\"> <a href=\"\/\" aria-label=\"Front\"> <img class=\"brand\" src=\"\" alt=\"Logo\" \/> <\/a> <\/div>   <ul class=\"nav nav-sm nav-x-0 nav-white flex-column\"> <li class=\"nav-item\"> <a class=\"nav-link media\" href=\"#\"> <span class=\"media\"> <span class=\"fas fa-location-arrow mt-1 mr-2 text-dark\" ><\/span> <span class=\"media-body text-dark\"> Packet Prep, 2nd floor, Oyester Uptown, Above Yum Yum Tree Restaurant, Beside Durgam Cheruvu Metro Station, Madhapur, Hyderabad-500081. <\/span> <\/span> <\/a> <\/li> <li class=\"nav-item\"> <a class=\"nav-link media\" href=\"tel:91-9000045750\"> <span class=\"media\"> <span class=\"fas fa-phone-alt mt-1 mr-2 text-dark\"><\/span> <span class=\"media-body text-dark\"> +91 90000 45750 <\/span> <\/span> <\/a> <\/li> <li class=\"nav-item\"> <a class=\"nav-link media\" href=\"tel:91-9959045750\"> <span class=\"media\"> <span class=\"fas fa-phone-alt mt-1 mr-2 text-dark\"><\/span> <span class=\"media-body text-dark\"> +91 99590 45750 <\/span> <\/span> <\/a> <\/li> <\/ul>  <\/div> <div class=\"col-6 col-md-6 col-lg-3 mb-3 mb-sm-0 pl-md-8\">  <ul class=\"nav nav-sm nav-x-0 flex-column\"> <li class=\"nav-item\"> <a class=\"nav-link\" href=\"\/testimonial\">Testimonials<\/a> <\/li> <li class=\"nav-item\"> <a class=\"nav-link\" href=\"\/curriculum\">Curriculum<\/a> <\/li> <li class=\"nav-item\"> <a class=\"nav-link\" href=\"\/faq\">FAQ <\/a> <\/li> <li class=\"nav-item\"> <a class=\"nav-link\" href=\"\/scholarship\" >Scholarship<\/a > <\/li> <li class=\"nav-item\"> <a class=\"nav-link\" href=\"\/fees\">Fees<\/a> <\/li> <\/ul>  <\/div> <div class=\"col-6 col-md-6 col-lg-3 mb-3 mb-sm-0\">  <ul class=\"nav nav-sm nav-x-0 flex-column\"> <li class=\"nav-item\"> <a class=\"nav-link\" href=\"https:\/\/www.facebook.com\/packetprep\" target=\"_blank\" ><i class=\"fab fa-facebook-square fa-2x\"><\/i ><\/a> <\/li> <li class=\"nav-item\"> <a class=\"nav-link\" href=\"https:\/\/www.instagram.com\/packetprep\/\" target=\"_blank\" ><i class=\"fab fa-instagram fa-2x\"><\/i ><\/a> <\/li> <li class=\"nav-item\"> <a class=\"nav-link\" href=\"https:\/\/mobile.twitter.com\/PacketPrep\" target=\"_blank\" ><i class=\"fab fa-twitter-square fa-2x\"><\/i ><\/a> <\/li> <li class=\"nav-item\"> <a class=\"nav-link\" href=\"https:\/\/www.linkedin.com\/company\/packet-prep\/\" target=\"_blank\" ><i class=\"fab fa-linkedin fa-2x\"><\/i ><\/a> <\/li> <\/ul>  <\/div> <\/div>   <div class=\"row align-items-sm-center mx-5\"> <div class=\"col-sm-12 mb-4 mb-sm-0\"> <p class=\"medium mb-0 text-center\"> &copy; packetprep 2021. All rights reserved. <\/p> <\/div> <\/div>  <\/footer>   <a class=\"js-go-to go-to position-fixed\" href=\"javascript:;\" style=\"visibility: hidden\" data-hs-go-to-options='{ \"offsetTop\": 700, \"position\": { \"init\": { \"right\": 15 }, \"show\": { \"bottom\": 15 }, \"hide\": { \"bottom\": -15 } } }' > <i class=\"fas fa-angle-up\"><\/i> <\/a>   <script src=\"\/themes\/front\/vendor\/jquery\/dist\/jquery.min.js\"><\/script> <script src=\"\/themes\/front\/vendor\/jquery-migrate\/dist\/jquery-migrate.min.js\"><\/script> <script src=\"\/themes\/front\/vendor\/bootstrap\/dist\/js\/bootstrap.bundle.min.js\"><\/script>  <script src=\"\/themes\/front\/vendor\/hs-header\/dist\/hs-header.min.js\"><\/script> <script src=\"\/themes\/front\/vendor\/hs-go-to\/dist\/hs-go-to.min.js\"><\/script> <script src=\"\/themes\/front\/vendor\/hs-unfold\/dist\/hs-unfold.min.js\"><\/script> <script src=\"\/themes\/front\/vendor\/hs-mega-menu\/dist\/hs-mega-menu.min.js\"><\/script> <script src=\"\/themes\/front\/vendor\/slick-carousel\/slick\/slick.js\"><\/script> <script src=\"\/themes\/front\/vendor\/jquery-validation\/dist\/jquery.validate.min.js\"><\/script> <script src=\"\/themes\/front\/vendor\/aos\/dist\/aos.js\"><\/script>  <script src=\"\/themes\/front\/js\/hs.core.js\"><\/script> <script src=\"\/themes\/front\/js\/hs.slick-carousel.js\"><\/script> <script src=\"\/themes\/front\/js\/hs.validation.js\"><\/script> <script src=\"https:\/\/unpkg.com\/aos@2.3.1\/dist\/aos.js\"><\/script> <script> AOS.init(); <\/script> <script src=\"\/js\/test.js\"><\/script>  <script> $(document).on(\"ready\", function () { var header = new HSHeader($(\"#header\")).init(); var megaMenu = new HSMegaMenu($(\".js-mega-menu\"), { desktop: { position: \"left\", }, }).init(); var unfold = new HSUnfold(\".js-hs-unfold-invoker\").init(); $(\".js-slick-carousel\").each(function () { var slickCarousel = $.HSCore.components.HSSlickCarousel.init($(this)); }); $(\".js-validate\").each(function () { var validation = $.HSCore.components.HSValidation.init($(this)); }); AOS.init({ duration: 650, once: true, }); $(\".js-go-to\").each(function () { var goTo = new HSGoTo($(this)).init(); }); }); <\/script> <\/body><\/html>",
    "settings": null,
    "admin": 1,
    "client_id": 14,
    "agency_id": 1,
    "theme_id": 19,
    "user_id": 1,
    "status": 1,
    "created_at": "2021-04-17T17:01:25.000000Z",
    "updated_at": "2021-04-17T17:03:10.000000Z"
}