{
    "id": 70,
    "name": "hero",
    "slug": "hero",
    "html": "<!-- Hero Section -->\r\n<div class=\"bg-soft-danger bg-img-hero\" style=\"\">\r\n  <div class=\"container space-2 space-top-3 mb-5\">\r\n    <div class=\"w-lg-65 text-center mx-lg-auto\">\r\n      <span class=\"badge badge-success badge-pill font-size-1 py-3 px-4 mb-3\">{{$subtitle}}<\/span>\r\n      <h1 class=\"text-danger mb-0\">{{$title}}<\/h1>\r\n    <\/div>\r\n  <\/div>\r\n<\/div>\r\n<!-- End Hero Section -->",
    "html_minified": "<div class=\"bg-soft-danger bg-img-hero\" style=\"\"> <div class=\"container space-2 space-top-3 mb-5\"> <div class=\"w-lg-65 text-center mx-lg-auto\"> <span class=\"badge badge-success badge-pill font-size-1 py-3 px-4 mb-3\">Assessments for all<\/span> <h1 class=\"text-danger mb-0\">World's Most Comprehensive Assessment Platform | PiofX Media<\/h1> <\/div> <\/div><\/div>",
    "settings": "null",
    "admin": 0,
    "client_id": 14,
    "agency_id": 1,
    "theme_id": 26,
    "user_id": 53,
    "status": 1,
    "created_at": "2021-06-11T16:49:49.000000Z",
    "updated_at": "2021-06-12T18:10:46.000000Z"
}