{
    "id": 155,
    "name": "Security",
    "slug": "page@security",
    "html": "{{@header}}\r\n{{@hero}}\r\n<div class=\"container\">\r\n<p>Conducting examination is a highly sensitive activity with security being a major concern. Security can be affected at two stages:<\/p>\r\n<ul class=\"tick\">\r\n<li>Security of data and information<\/li>\r\n<li>Security against cheating, impersonation and unfair means by candidate<\/li>\r\n<\/ul>\r\n<p align=\"justify\">We at Examonline strive to bring highly secure application and environment for conducting examinations for the most sensitive domains such as recruitment, entrance test etc. Some of the measures we have taken to provide a secure and robust platform are<\/p>\r\n<ul style=\"list-style-type: none;\">\r\n<li>\u2606 ISO 27001 certification<\/li>\r\n<li>\u2606 Disabled ports<\/li>\r\n<li>\u2606 Disabled special function keys<\/li>\r\n<li>\u2606 Screen lock<\/li>\r\n<li>\u2606 128 bit Encrypted question bank and answers<\/li>\r\n<li>\u2606 Encrypted answer sheets of examinees<\/li>\r\n<li>\u2606 Candidate authentication through biometric integration<\/li>\r\n<li>\u2606 Real time web based proctoring and surveillance<\/li>\r\n<li>\u2606 Tier IV data centre with State of the Art IDS<\/li>\r\n<li>\u2606 Audit trails and logs<\/li>\r\n<li>\u2606 Extensive and regular audits of Test Centres for conformance to standards<\/li>\r\n<\/ul>\r\n<p align=\"justify\">Our application is certified by third party against all known forms of internet threats and attacks.<\/p><br><br>\r\n<\/div>\r\n{{@footer}}",
    "html_minified": "<!DOCTYPE html><html lang=\"en\"><head><meta http-equiv=\"Content-Type\" content=\"text\/html; charset=UTF-8\">  <title>Security And Assurance<\/title>  <meta name=\"description\" content=\"The best assessments platform for schools, colleges and universities\" \/> <meta name=\"viewport\" content=\"width=device-width, initial-scale=1, shrink-to-fit=no\">  <link rel=\"shortcut icon\" href=\"https:\/\/i.imgur.com\/UaMeYDb.png\" \/>   <link rel=\"stylesheet\" href=\"https:\/\/firstacademy.s3.ap-south-1.amazonaws.com\/themes\/26\/file_front_all.css\"> <link rel=\"stylesheet\" href=\"https:\/\/firstacademy.s3.ap-south-1.amazonaws.com\/themes\/26\/file_mystyle.css\"> <link rel=\"stylesheet\" href=\"\/themes\/front\/vendor\/aos\/dist\/aos.css\" \/>  <link rel=\"stylesheet\" href=\"\/themes\/front\/css\/theme.css\" \/> <link rel=\"stylesheet\" href=\"https:\/\/cdnjs.cloudflare.com\/ajax\/libs\/font-awesome\/5.15.3\/css\/all.min.css\" \/><\/head><body data-new-gr-c-s-check-loaded=\"14.1010.0\" data-gr-ext-installed=\"\"><header id=\"header\" class=\"header nav-shadow position-fixed\" style=\"\"> <div id=\"logoAndNav\" class=\"container\">  <nav class=\"js-mega-menu navbar navbar-expand-lg d-flex justify-content-between my-0\">  <a href=\"\/\" class=\"d-block d-lg-none\" aria-label=\"Front\"> <img class=\"img-fluid\" src=\"https:\/\/firstacademy.s3.ap-south-1.amazonaws.com\/themes\/26\/file_piofx.png\" width=\"120\" alt=\"Logo\"> <\/a> <a href=\"\/\" class=\"d-none d-lg-block\" aria-label=\"Front\"> <img class=\"img-fluid\" src=\"https:\/\/firstacademy.s3.ap-south-1.amazonaws.com\/themes\/26\/file_piofx.png\" width=\"120\" alt=\"Logo\"> <\/a>  <div> <a class=\"signup_btn ml-3 d-lg-none\" href=\"\/contact\">Talk to us<\/a>  <button type=\"button\" class=\"navbar-toggler btn btn-icon btn-ghost\" aria-label=\"Toggle navigation\" aria-expanded=\"false\" aria-controls=\"navBar\" data-toggle=\"collapse\" data-target=\"#navBar\"> <span class=\"navbar-toggler-default\"> <svg width=\"14\" height=\"14\" viewBox=\"0 0 18 18\" xmlns=\"http:\/\/www.w3.org\/2000\/svg\"> <path fill=\"currentColor\" d=\"M17.4,6.2H0.6C0.3,6.2,0,5.9,0,5.5V4.1c0-0.4,0.3-0.7,0.6-0.7h16.9c0.3,0,0.6,0.3,0.6,0.7v1.4C18,5.9,17.7,6.2,17.4,6.2z M17.4,14.1H0.6c-0.3,0-0.6-0.3-0.6-0.7V12c0-0.4,0.3-0.7,0.6-0.7h16.9c0.3,0,0.6,0.3,0.6,0.7v1.4C18,13.7,17.7,14.1,17.4,14.1z\" \/> <\/svg> <\/span> <span class=\"navbar-toggler-toggled\"> <svg width=\"14\" height=\"14\" viewBox=\"0 0 18 18\" xmlns=\"http:\/\/www.w3.org\/2000\/svg\"> <path fill=\"currentColor\" d=\"M11.5,9.5l5-5c0.2-0.2,0.2-0.6-0.1-0.9l-1-1c-0.3-0.3-0.7-0.3-0.9-0.1l-5,5l-5-5C4.3,2.3,3.9,2.4,3.6,2.6l-1,1 C2.4,3.9,2.3,4.3,2.5,4.5l5,5l-5,5c-0.2,0.2-0.2,0.6,0.1,0.9l1,1c0.3,0.3,0.7,0.3,0.9,0.1l5-5l5,5c0.2,0.2,0.6,0.2,0.9-0.1l1-1 c0.3-0.3,0.3-0.7,0.1-0.9L11.5,9.5z\" \/> <\/svg> <\/span> <\/button>  <\/div>  <div id=\"navBar\" class=\"collapse navbar-collapse navbar-light\"> <ul class=\"navbar-nav\"> <li class=\"navbar-nav-item mr-2\"> <a href=\"https:\/\/piofx.com\/\" class=\"nav-link\">Home<\/a> <\/li>  <li class=\"hs-has-sub-menu navbar-nav-item\"> <a id=\"blogMegaMenu\" class=\"hs-mega-menu-invoker nav-link nav-link-toggle\" href=\"javascript:;\" aria-haspopup=\"true\" aria-expanded=\"false\" aria-labelledby=\"blogSubMenu\">Solutions<\/a>  <div id=\"blogSubMenu\" class=\"hs-sub-menu dropdown-menu\" aria-labelledby=\"blogMegaMenu\" style=\"min-width: 230px;\"> <a class=\"dropdown-item h3 mb-0\" href=\"\/solutions\/school-exams\">School Exams<\/a> <a class=\"dropdown-item\" href=\"\/solutions\/university-exams\">University Exams<\/a> <a class=\"dropdown-item\" href=\"\/solutions\/entrance-exams\">Entrance Exams<\/a> <\/div>  <\/li>    <li class=\"hs-has-sub-menu navbar-nav-item\"> <a id=\"blogMegaMenu\" class=\"hs-mega-menu-invoker nav-link nav-link-toggle\" href=\"javascript:;\" aria-haspopup=\"true\" aria-expanded=\"false\" aria-labelledby=\"blogSubMenu\">Success Stories<\/a>  <div id=\"blogSubMenu\" class=\"hs-sub-menu dropdown-menu\" aria-labelledby=\"blogMegaMenu\" style=\"min-width: 230px;\"> <a class=\"dropdown-item\" href=\"\/success-story\/language-exam\">Language Exams for an Institute<\/a> <a class=\"dropdown-item\" href=\"\/success-story\/lms\">LMS for a Coaching Center<\/a> <a class=\"dropdown-item\" href=\"\/success-story\/final-semester-exam\">Final semeter exams for Univsersity<\/a> <a class=\"dropdown-item\" href=\"\/success-story\/term-exam\">Term exams for a School<\/a> <\/div>  <\/li>   <li class=\"navbar-nav-item mr-2\"> <a class=\"nav-link\" href=\"https:\/\/piofx.com\/features\">Features<\/a> <\/li>   <li class=\"navbar-nav-item mr-2\"> <a class=\"nav-link\" href=\"https:\/\/piofx.com\/pricing\">Pricing<\/a> <\/li>   <li class=\"navbar-nav-item ml-lg-3 mt-3 mt-lg-0 d-none d-lg-block\"> <a class=\"signup_btn\" href=\"https:\/\/piofx.com\/contact\">Talk to us<\/a> <\/li>  <\/ul> <\/div>  <\/nav>  <\/div> <\/div><\/header> <div class=\"bg-soft-danger bg-img-hero\" style=\"\"> <div class=\"container space-2 space-top-3 mb-5\"> <div class=\"w-lg-65 text-center mx-lg-auto\"> <span class=\"badge badge-success badge-pill font-size-1 py-3 px-4 mb-3\">Assessments for all<\/span> <h1 class=\"text-danger mb-0\">Security And Assurance<\/h1> <\/div> <\/div><\/div><div class=\"container\"><p>Conducting examination is a highly sensitive activity with security being a major concern. Security can be affected at two stages:<\/p><ul class=\"tick\"><li>Security of data and information<\/li><li>Security against cheating, impersonation and unfair means by candidate<\/li><\/ul><p align=\"justify\">We at Examonline strive to bring highly secure application and environment for conducting examinations for the most sensitive domains such as recruitment, entrance test etc. Some of the measures we have taken to provide a secure and robust platform are<\/p><ul style=\"list-style-type: none;\"><li>\u2606 ISO 27001 certification<\/li><li>\u2606 Disabled ports<\/li><li>\u2606 Disabled special function keys<\/li><li>\u2606 Screen lock<\/li><li>\u2606 128 bit Encrypted question bank and answers<\/li><li>\u2606 Encrypted answer sheets of examinees<\/li><li>\u2606 Candidate authentication through biometric integration<\/li><li>\u2606 Real time web based proctoring and surveillance<\/li><li>\u2606 Tier IV data centre with State of the Art IDS<\/li><li>\u2606 Audit trails and logs<\/li><li>\u2606 Extensive and regular audits of Test Centres for conformance to standards<\/li><\/ul><p align=\"justify\">Our application is certified by third party against all known forms of internet threats and attacks.<\/p><br><br><\/div><footer class=\"footer-color text-white\">  <div class=\"container\"> <div class=\"space-2\"> <div class=\"row justify-content-md-between\"> <div class=\"col-lg-4 mb-4 mb-lg-0\"> <a class=\"d-inline-flex mb-4\" href=\"#\" aria-label=\"Front\"> <img class=\"brand\" src=\"https:\/\/firstacademy.s3.ap-south-1.amazonaws.com\/themes\/26\/file_piofx-white.png\" alt=\"Logo\"> <\/a> <p class=\"darkgreen\"><b class=\"lightgreen\">PiofX Media Private Limited<\/b><br> 2nd floor, Oyster Uptown Building, Beside Durgam Cheruvu Metro Station \ud83d\ude87,<br> Madhapur, Hyderabad, Telangana - 500081.<\/p> <div style=\"color:#7ba4ab\"> <span class=\"fas fa-phone-alt mt-1 mr-2\" ><\/span> <span style=\"color:#bde2e8\">+91 9515125110<\/span> <\/div> <span style=\"color:#7ba4ab\"> <span class=\"fas fa fa-envelope mt-1 mr-2 \" style=\"color:#7ba4ab\"><\/span> <span style=\"color:#bde2e8\"> nt@piofx.com<\/span> <\/span> <\/div> <div class=\"col-6 col-sm-4 col-lg-2 mb-4 mb-lg-0\"> <h5 class=\"text-white\">Company<\/h5>  <ul class=\"nav nav-sm nav-x-0 flex-column\" > <li class=\"nav-item mb-2\"><a class=\"lightgreen\" href=\"\/about\">About<\/a><\/li> <li class=\"nav-item mb-2\"><a class=\" lightgreen\" href=\"\/about#team\">Team<\/a><\/li> <li class=\"nav-item mb-2\"><a class=\"lightgreen\" href=\"\/about#testimonials\">Testimonials<\/a><\/li> <li class=\"nav-item mb-2\"><a class=\"lightgreen\" href=\"\/blog\">Blog<\/a><\/li> <li class=\"nav-item mb-2\"><a class=\"lightgreen\" href=\"\/contact\">Contact<\/a><\/li> <\/ul>  <\/div> <div class=\"col-6 col-sm-4 col-lg-2 mb-4 mb-lg-0\"> <h5 class=\"text-white\">Product<\/h5>  <ul class=\"nav nav-sm nav-x-0 flex-column\" > <li class=\"nav-item mb-2\"><a class=\"lightgreen\" href=\"\/features\">Features<\/a><\/li> <li class=\"nav-item mb-2\"><a class=\" lightgreen\" href=\"\/demo\">Demo Account<\/a><\/li> <li class=\"nav-item mb-2\"><a class=\"lightgreen\" href=\"\/pricing\">Pricing<\/a><\/li> <li class=\"nav-item mb-2\"><a class=\"lightgreen\" href=\"\/compare-plans\">Compare Plans<\/a><\/li> <\/ul>  <\/div> <div class=\"col-6 col-sm-4 col-lg-2 mb-4 mb-lg-0\"> <h5 class=\"text-white\">Solutions<\/h5>  <ul class=\"nav nav-sm nav-x-0 flex-column\"> <li class=\"nav-item mb-2\"><a class=\"lightgreen\" href=\"\/solutions\/school-exams\">School Exams<\/a><\/li> <li class=\"nav-item mb-2\"><a class=\" lightgreen\" href=\"\/solutions\/university-exams\">University Exams<\/a><\/li> <li class=\"nav-item mb-2\"><a class=\"lightgreen\" href=\"\/solutions\/entrance-exams\">Entrance Exams<\/a><\/li> <\/ul>  <\/div> <div class=\"col-6 col-sm-4 col-lg-2\"> <h5 class=\"text-white\">Resources<\/h5>  <ul class=\"nav nav-sm nav-x-0 flex-column\"> <li class=\"nav-item mb-2\"><a class=\"lightgreen\" href=\"\/page\/faq\">FAQ<\/a><\/li> <li class=\"nav-item mb-2\"><a class=\"lightgreen\" href=\"\/page\/security\">Security<\/a><\/li> <li class=\"nav-item mb-2\"><a class=\"lightgreen\" href=\"\/page\/privacy\">Privacy<\/a><\/li> <li class=\"nav-item mb-2\"><a class=\"lightgreen\" href=\"\/page\/terms\">Terms<\/a><\/li> <\/ul>  <\/div> <\/div> <\/div> <\/div> <\/footer> <footer class=\"footer-color\" id=\"contact\"> <div class=\"container\"> <div class=\"py-3\">  <div class=\"w-md-75 text-lg-center mx-lg-auto\"> <p class=\"text-white opacity-sm small\">\u00a9 Piofx Media. 2021 All rights reserved.<\/p> <p class=\"text-white opacity-sm small\">When you visit or interact with our sites, services or tools, we or our authorised service providers may use cookies for storing information to help provide you with a better, faster and safer experience and for marketing purposes.<\/p> <\/div>  <\/div> <\/div> <\/footer>  <script src=\"\/themes\/front\/vendor\/jquery\/dist\/jquery.min.js\"><\/script> <script src=\"\/themes\/front\/vendor\/jquery-migrate\/dist\/jquery-migrate.min.js\"><\/script> <script src=\"\/themes\/front\/vendor\/bootstrap\/dist\/js\/bootstrap.bundle.min.js\"><\/script>  <script src=\"\/themes\/front\/vendor\/hs-header\/dist\/hs-header.min.js\"><\/script> <script src=\"\/themes\/front\/vendor\/hs-go-to\/dist\/hs-go-to.min.js\"><\/script> <script src=\"\/themes\/front\/vendor\/hs-unfold\/dist\/hs-unfold.min.js\"><\/script> <script src=\"\/themes\/front\/vendor\/hs-mega-menu\/dist\/hs-mega-menu.min.js\"><\/script> <script src=\"\/themes\/front\/vendor\/slick-carousel\/slick\/slick.js\"><\/script> <script src=\"\/themes\/front\/vendor\/jquery-validation\/dist\/jquery.validate.min.js\"><\/script> <script src=\"\/themes\/front\/vendor\/aos\/dist\/aos.js\"><\/script>  <script src=\"\/themes\/front\/js\/hs.core.js\"><\/script> <script src=\"\/themes\/front\/js\/hs.slick-carousel.js\"><\/script> <script src=\"\/themes\/front\/js\/hs.validation.js\"><\/script> <script src=\"https:\/\/unpkg.com\/aos@2.3.1\/dist\/aos.js\"><\/script> <script> AOS.init(); <\/script>  <script> $(document).on(\"ready\", function () { var header = new HSHeader($(\"#header\")).init(); var megaMenu = new HSMegaMenu($(\".js-mega-menu\"), { desktop: { position: \"left\", }, }).init(); var unfold = new HSUnfold(\".js-hs-unfold-invoker\").init(); $(\".js-slick-carousel\").each(function () { var slickCarousel = $.HSCore.components.HSSlickCarousel.init($(this)); }); $(\".js-validate\").each(function () { var validation = $.HSCore.components.HSValidation.init($(this)); }); AOS.init({ duration: 650, once: true, }); $(\".js-go-to\").each(function () { var goTo = new HSGoTo($(this)).init(); }); }); <\/script><script src=\"https:\/\/firstacademy.s3.ap-south-1.amazonaws.com\/themes\/26\/file_hs-toggle-switch.min.js\"><\/script><script> $(document).ready(function(){ $('.js-toggle-switch').on('change',function() { if(this.checked) { $('.type').html('User <br> per Month'); $('.type_name').html('User '); $('#basic_price').html('30'); $('#essential_price').html('50'); $('#pro_price').html('85'); }else{ $('.type').html('Assessment'); $('.type_name').html('Assessment'); $('#basic_price').html('2'); $('#essential_price').html('8'); $('#pro_price').html('15'); } }); });<\/script><\/body><\/html>",
    "settings": "{\"title\":\"Security  And Assurance\"}",
    "admin": 0,
    "client_id": 14,
    "theme_id": 26,
    "agency_id": 1,
    "user_id": 53,
    "status": 1,
    "created_at": "2021-06-11T17:14:49.000000Z",
    "updated_at": "2021-06-12T18:13:31.000000Z"
}