{
    "id": 150,
    "name": "About",
    "slug": "about",
    "html": "{{@header}}\r\n<main id=\"content\" role=\"main\">\r\n        <!-- Hero Section -->\r\n<div class=\"bg-soft-danger bg-img-hero\" style=\"\">\r\n  <div class=\"container space-2 space-top-3 mb-5\">\r\n    <div class=\"w-lg-65 text-center mx-lg-auto\">\r\n      <span class=\"badge badge-success badge-pill font-size-1 py-3 px-4 mb-3\">The only platform you will ever need<\/span>\r\n      <h1 class=\"text-danger mb-0\">About PiofX<\/h1>\r\n    <\/div>\r\n  <\/div>\r\n<\/div>\r\n\r\n<div class=\"container\">\r\n<!-- Description Section -->\r\n<div class=\"container space-2\">\r\n  <div class=\"row\">\r\n    <div class=\"col-lg-8\">\r\n      <div class=\"mb-8\">\r\n        <div class=\"mb-3\">\r\n          <h3>About PiofX<\/h3>\r\n        <\/div>\r\n\r\n        <p>An Edtech Company founded by educators and technology innovators with over 4 decades of experience in the field of technology, education, and media. This is the world's most comprehensive LMS and assessment platfrom that relieves the most common frustrations faced by educators today. The only platfrom that has been built by educators for educators. The only platfrom the began with a focus on education.<\/p>\r\n\r\n        <ul class=\"pl-4 mb-4\">\r\n          <li>Conceived in 2015<\/li>\r\n          <li>Achieved in 2018<\/li>\r\n        <\/ul>\r\n\r\n          <div class=\"mb-8\">\r\n        <div class=\"mb-3\">\r\n          <h3>Features and Services<\/h3>\r\n        <\/div>\r\n\r\n        <ul class=\"list-inline list-sm-article\">\r\n          <li class=\"list-inline-item\"><span class=\"badge badge-soft-dark py-2 px-3\">Feature Customisable<\/span><\/li>\r\n          <li class=\"list-inline-item\"><span class=\"badge badge-soft-dark py-2 px-3\">Regional Language Ready<\/span><\/li>\r\n          <li class=\"list-inline-item\"><span class=\"badge badge-soft-dark py-2 px-3\">Anti-cheat Toolkit<\/span><\/li>\r\n          <li class=\"list-inline-item\"><span class=\"badge badge-soft-dark py-2 px-3\">Full-featured LMS<\/span><\/li>\r\n          <li class=\"list-inline-item\"><span class=\"badge badge-soft-dark py-2 px-3\">International Exams Ready<\/span><\/li>\r\n          <li class=\"list-inline-item\"><span class=\"badge badge-soft-dark py-2 px-3\">Single Click Test Launch<\/span><\/li>\r\n          <li class=\"list-inline-item\"><span class=\"badge badge-soft-dark py-2 px-3\">Pre-formatted Exams<\/span><\/li>\r\n          <li class=\"list-inline-item\"><span class=\"badge badge-soft-dark py-2 px-3\">IELTS<\/span><\/li>\r\n          <li class=\"list-inline-item\"><span class=\"badge badge-soft-dark py-2 px-3\">GRE<\/span><\/li>\r\n          <li class=\"list-inline-item\"><span class=\"badge badge-soft-dark py-2 px-3\">EAMCET<\/span><\/li>\r\n          <li class=\"list-inline-item\"><span class=\"badge badge-soft-dark py-2 px-3\">NEET<\/span><\/li>\r\n          <li class=\"list-inline-item\"><span class=\"badge badge-soft-dark py-2 px-3\">School Exams<\/span><\/li>\r\n          <li class=\"list-inline-item\"><span class=\"badge badge-soft-dark py-2 px-3\">Self-Paced<\/span><\/li>\r\n          <li class=\"list-inline-item\"><span class=\"badge badge-soft-dark py-2 px-3\">Classroom Quizzes<\/span><\/li>\r\n          <li class=\"list-inline-item\" id=\"team\"><span class=\"badge badge-soft-dark py-2 px-3\">Attendance<\/span><\/li>\r\n        <\/ul>\r\n      <\/div>\r\n\r\n      \r\n      <\/div>\r\n\r\n\r\n\r\n\r\n      <!-- Sticky Block End Point -->\r\n      <div id=\"stickyBlockEndPoint\"><\/div>\r\n\r\n <!-- Team Section -->\r\n<div class=\" \" >\r\n  <!-- Title -->\r\n  <div class=\"\">\r\n    <span class=\"d-block small font-weight-bold text-cap mb-2\">Our Team<\/span>\r\n    <h2 class=\"mb-4\">Trust the professionals<\/h2>\r\n  <\/div>\r\n  <!-- End Title -->\r\n\r\n  <!-- Team Carousel -->\r\n  <div class=\"js-slick-carousel slick slick-gutters-3 mb-5 \"\r\n       data-hs-slick-carousel-options='{\r\n         \"slidesToShow\": 3,\r\n         \"dots\": true,\r\n         \"dotsClass\": \"slick-pagination d-lg-none\",\r\n         \"responsive\": [{\r\n           \"breakpoint\": 1200,\r\n             \"settings\": {\r\n               \"slidesToShow\": 3\r\n             }\r\n           }, {\r\n           \"breakpoint\": 992,\r\n           \"settings\": {\r\n             \"slidesToShow\": 2\r\n             }\r\n           }, {\r\n           \"breakpoint\": 768,\r\n           \"settings\": {\r\n             \"slidesToShow\": 2\r\n             }\r\n           }, {\r\n           \"breakpoint\": 554,\r\n           \"settings\": {\r\n             \"slidesToShow\": 1\r\n           }\r\n         }]\r\n       }'>\r\n    <div class=\"js-slide pb-6\">\r\n      <!-- Team -->\r\n      <img class=\"img-fluid w-100 rounded-lg\" src=\"{{ &Teju.jpg}}\" alt=\"Image Description\">\r\n      <div class=\"card mt-n7 mx-3\">\r\n        <div class=\"card-body text-center\">\r\n          <h4 class=\"mb-1\" >Tejaswy<\/h4>\r\n          <p class=\"font-size-1 mb-0\">CEO<\/p>\r\n        <\/div>\r\n      <\/div>\r\n      <!-- End Team -->\r\n    <\/div>\r\n\r\n    <div class=\"js-slide pb-6\">\r\n      <!-- Team -->\r\n      <img class=\"img-fluid w-100 rounded-lg\" src=\"{{ &Teja.jpg}}\" alt=\"Image Description\">\r\n      <div class=\"card mt-n7 mx-3\">\r\n        <div class=\"card-body text-center\">\r\n          <h4 class=\"mb-1\">Krishna Teja<\/h4>\r\n          <p class=\"font-size-1 mb-0\">CTO<\/p>\r\n        <\/div>\r\n      <\/div>\r\n      <!-- End Team -->\r\n    <\/div>\r\n\r\n    <div class=\"js-slide pb-6\">\r\n      <!-- Team -->\r\n      <img class=\"img-fluid w-100 rounded-lg\" src=\"{{ &Sahithy.jpg}}\" alt=\"Image Description\">\r\n      <div class=\"card mt-n7 mx-3\">\r\n        <div class=\"card-body text-center\">\r\n          <h4 class=\"mb-1\">Sahithy<\/h4>\r\n          <p class=\"font-size-1 mb-0\">CFO<\/p>\r\n        <\/div>\r\n      <\/div>\r\n      <!-- End Team -->\r\n    <\/div>\r\n\r\n    \r\n  <\/div>\r\n  <!-- End Team Carousel -->\r\n\r\n  \r\n<\/div>\r\n<!-- End Team Section -->\r\n\r\n<!-- Testimonials Section -->\r\n<div class=\"\" id=\"testimonials\">\r\n  <!-- Title -->\r\n  <div class=\" mb-5 mb-md-9\">\r\n    <h2 class=\"h1\">Piofx is loved by Educators and Universities Worldwide<\/h2>\r\n  <\/div>\r\n  <!-- End Title -->\r\n\r\n  <!-- Testimonials Section -->\r\n  <div class=\"row\">\r\n    <!-- Testimonials -->\r\n    <div class=\"col-md-6 col-lg-4 mb-3 mb-md-5 mb-lg-0\">\r\n      <div class=\"card h-100\">\r\n        <div class=\"card-body\">\r\n          <ul class=\"list-inline text-warning\">\r\n            <li class=\"list-inline-item mx-0\">\r\n              <i class=\"fas fa-star\"><\/i>\r\n            <\/li>\r\n            <li class=\"list-inline-item mx-0\">\r\n              <i class=\"fas fa-star\"><\/i>\r\n            <\/li>\r\n            <li class=\"list-inline-item mx-0\">\r\n              <i class=\"fas fa-star\"><\/i>\r\n            <\/li>\r\n            <li class=\"list-inline-item mx-0\">\r\n              <i class=\"fas fa-star\"><\/i>\r\n            <\/li>\r\n            <li class=\"list-inline-item mx-0\">\r\n              <i class=\"fas fa-star\"><\/i>\r\n            <\/li>\r\n          <\/ul>\r\n          <div class=\"mb-auto\">\r\n            <p class=\"text-dark mb-0\">PiofX has added a new dimension to our business. We are now able to outcompete organisations that are 10 times our size. We now have an international platform showcase both our content and out tests!<\/p>\r\n          <\/div>\r\n        <\/div>\r\n\r\n        <div class=\"card-footer border-0 bg-transparent pt-0 px-5 pb-5\">\r\n          <div class=\"media align-items-center\">\r\n            <div class=\"avatar avatar-circle mr-3\">\r\n              <img class=\"avatar-img\" src=\"{{&fa.jpeg}}\" alt=\"Image Description\">\r\n            <\/div>\r\n            <div class=\"media-body\">\r\n              <h4 class=\"mb-0\">First Academy<\/h4>\r\n              <small class=\"d-block text-body\">India's most awarded test-prep company<\/small>\r\n            <\/div>\r\n          <\/div>\r\n        <\/div>\r\n      <\/div>\r\n    <\/div>\r\n    <!-- End Testimonials -->\r\n\r\n    <!-- Testimonials -->\r\n    <div class=\"col-md-6 col-lg-4 mb-3 mb-md-5 mb-lg-0\">\r\n      <div class=\"card h-100\">\r\n        <div class=\"card-body\">\r\n          <ul class=\"list-inline text-warning\">\r\n            <li class=\"list-inline-item mx-0\">\r\n              <i class=\"fas fa-star\"><\/i>\r\n            <\/li>\r\n            <li class=\"list-inline-item mx-0\">\r\n              <i class=\"fas fa-star\"><\/i>\r\n            <\/li>\r\n            <li class=\"list-inline-item mx-0\">\r\n              <i class=\"fas fa-star\"><\/i>\r\n            <\/li>\r\n            <li class=\"list-inline-item mx-0\">\r\n              <i class=\"fas fa-star\"><\/i>\r\n            <\/li>\r\n            <li class=\"list-inline-item mx-0\">\r\n              <i class=\"fas fa-star\"><\/i>\r\n            <\/li>\r\n          <\/ul>\r\n          <div class=\"mb-auto\">\r\n            <p class=\"text-dark mb-0\">Engaging our audience and reaching out to them has become a breeze. The single click interactive quizzes in regional languages take TV viewing to the next level. PiofX delivers!<\/p>\r\n          <\/div>\r\n        <\/div>\r\n\r\n        <div class=\"card-footer border-0 bg-transparent pt-0 px-5 pb-5\">\r\n          <div class=\"media align-items-center\">\r\n            <div class=\"avatar avatar-circle mr-3\">\r\n              <img class=\"avatar-img\" src=\"{{&inews.png}}\" alt=\"Image Description\">\r\n            <\/div>\r\n            <div class=\"media-body\">\r\n              <h4 class=\"mb-0\">iNews<\/h4>\r\n              <small class=\"d-block text-body\">One of the top regional news channels in India<\/small>\r\n            <\/div>\r\n          <\/div>\r\n        <\/div>\r\n      <\/div>\r\n    <\/div>\r\n    <!-- End Testimonials -->\r\n\r\n    <!-- Testimonials -->\r\n    <div class=\"col-md-6 col-lg-4\">\r\n      <div class=\"card h-100\">\r\n        <div class=\"card-body\">\r\n          <ul class=\"list-inline text-warning\">\r\n            <li class=\"list-inline-item mx-0\">\r\n              <i class=\"fas fa-star\"><\/i>\r\n            <\/li>\r\n            <li class=\"list-inline-item mx-0\">\r\n              <i class=\"fas fa-star\"><\/i>\r\n            <\/li>\r\n            <li class=\"list-inline-item mx-0\">\r\n              <i class=\"fas fa-star\"><\/i>\r\n            <\/li>\r\n            <li class=\"list-inline-item mx-0\">\r\n              <i class=\"fas fa-star\"><\/i>\r\n            <\/li>\r\n            <li class=\"list-inline-item mx-0\">\r\n              <i class=\"fas fa-star\"><\/i>\r\n            <\/li>\r\n          <\/ul>\r\n          <div class=\"mb-auto\">\r\n            <p class=\"text-dark mb-0\">The range of question types and the inclusion of code-compilation questions and the speed are the top reasons why we chose PiofX. It is unmatched! It handles all 100000 our users with ease.<\/p>\r\n          <\/div>\r\n        <\/div>\r\n\r\n        <div class=\"card-footer border-0 bg-transparent pt-0 px-5 pb-5\">\r\n          <div class=\"media align-items-center\">\r\n            <div class=\"avatar avatar-circle mr-3\">\r\n              <img class=\"avatar-img\" src=\"{{&pp.jpeg}}\" alt=\"Image Description\">\r\n            <\/div>\r\n            <div class=\"media-body\">\r\n              <h4 class=\"mb-0\">PacketPrep<\/h4>\r\n              <small class=\"d-block text-body\">Skilling, Training, and Employment Services Company<\/small>\r\n            <\/div>\r\n          <\/div>\r\n        <\/div>\r\n      <\/div>\r\n    <\/div>\r\n    <!-- End Testimonials -->\r\n  <\/div>\r\n<\/div>\r\n<!-- End Testimonials Section -->\r\n\r\n    <\/div>\r\n\r\n    <div class=\"col-lg-4\">\r\n   <div class=\"mt-5 mt-md-0\">\r\n      <div id=\"stickyBlockStartPoint\" class=\"pl-lg-4\">\r\n        <!-- Card -->\r\n        <div class=\"js-sticky-blocks card card-bordered bg-soft-warning\"\r\n             data-hs-sticky-block-options='{\r\n               \"parentSelector\": \"#stickyBlockStartPoint\",\r\n               \"breakpoint\": \"lg\",\r\n               \"startPoint\": \"#stickyBlockStartPoint\",\r\n               \"endPoint\": \"#stickyBlockEndPoint\",\r\n               \"stickyOffsetTop\": 20,\r\n               \"stickyOffsetBottom\": 20\r\n             }'>\r\n          <div class=\"card-body p-5\">\r\n            <div class=\"mb-5\">\r\n              <h3>World's only full-featured LMS and assessments system<\/h3>\r\n            <\/div>\r\n            <a class=\"btn btn-sm btn-block btn-soft-dark\" href=\"\/features\">View All Features<\/a>\r\n            <img class=\"card-img-bottom mt-7\" src=\"https:\/\/htmlstream.com\/front\/assets\/svg\/illustrations\/discussion-scene.svg\" alt=\"Image Description\">\r\n          <\/div>\r\n        <\/div>\r\n        <!-- End Card -->\r\n      <\/div>\r\n    <\/div>\r\n\r\n<\/div>\r\n\r\n<\/main>\r\n\r\n{{@footer}}",
    "html_minified": "<!DOCTYPE html><html lang=\"en\"><head><meta http-equiv=\"Content-Type\" content=\"text\/html; charset=UTF-8\">  <title>About | PiofX<\/title>  <meta name=\"description\" content=\"The best assessments platform for schools, colleges and universities\" \/> <meta name=\"viewport\" content=\"width=device-width, initial-scale=1, shrink-to-fit=no\">  <link rel=\"shortcut icon\" href=\"https:\/\/i.imgur.com\/UaMeYDb.png\" \/>   <link rel=\"stylesheet\" href=\"https:\/\/firstacademy.s3.ap-south-1.amazonaws.com\/themes\/26\/file_front_all.css\"> <link rel=\"stylesheet\" href=\"https:\/\/firstacademy.s3.ap-south-1.amazonaws.com\/themes\/26\/file_mystyle.css\"> <link rel=\"stylesheet\" href=\"\/themes\/front\/vendor\/aos\/dist\/aos.css\" \/>  <link rel=\"stylesheet\" href=\"\/themes\/front\/css\/theme.css\" \/> <link rel=\"stylesheet\" href=\"https:\/\/cdnjs.cloudflare.com\/ajax\/libs\/font-awesome\/5.15.3\/css\/all.min.css\" \/><\/head><body data-new-gr-c-s-check-loaded=\"14.1010.0\" data-gr-ext-installed=\"\"><header id=\"header\" class=\"header nav-shadow position-fixed\" style=\"\"> <div id=\"logoAndNav\" class=\"container\">  <nav class=\"js-mega-menu navbar navbar-expand-lg d-flex justify-content-between my-0\">  <a href=\"\/\" class=\"d-block d-lg-none\" aria-label=\"Front\"> <img class=\"img-fluid\" src=\"https:\/\/firstacademy.s3.ap-south-1.amazonaws.com\/themes\/26\/file_piofx.png\" width=\"120\" alt=\"Logo\"> <\/a> <a href=\"\/\" class=\"d-none d-lg-block\" aria-label=\"Front\"> <img class=\"img-fluid\" src=\"https:\/\/firstacademy.s3.ap-south-1.amazonaws.com\/themes\/26\/file_piofx.png\" width=\"120\" alt=\"Logo\"> <\/a>  <div> <a class=\"signup_btn ml-3 d-lg-none\" href=\"\/contact\">Talk to us<\/a>  <button type=\"button\" class=\"navbar-toggler btn btn-icon btn-ghost\" aria-label=\"Toggle navigation\" aria-expanded=\"false\" aria-controls=\"navBar\" data-toggle=\"collapse\" data-target=\"#navBar\"> <span class=\"navbar-toggler-default\"> <svg width=\"14\" height=\"14\" viewBox=\"0 0 18 18\" xmlns=\"http:\/\/www.w3.org\/2000\/svg\"> <path fill=\"currentColor\" d=\"M17.4,6.2H0.6C0.3,6.2,0,5.9,0,5.5V4.1c0-0.4,0.3-0.7,0.6-0.7h16.9c0.3,0,0.6,0.3,0.6,0.7v1.4C18,5.9,17.7,6.2,17.4,6.2z M17.4,14.1H0.6c-0.3,0-0.6-0.3-0.6-0.7V12c0-0.4,0.3-0.7,0.6-0.7h16.9c0.3,0,0.6,0.3,0.6,0.7v1.4C18,13.7,17.7,14.1,17.4,14.1z\" \/> <\/svg> <\/span> <span class=\"navbar-toggler-toggled\"> <svg width=\"14\" height=\"14\" viewBox=\"0 0 18 18\" xmlns=\"http:\/\/www.w3.org\/2000\/svg\"> <path fill=\"currentColor\" d=\"M11.5,9.5l5-5c0.2-0.2,0.2-0.6-0.1-0.9l-1-1c-0.3-0.3-0.7-0.3-0.9-0.1l-5,5l-5-5C4.3,2.3,3.9,2.4,3.6,2.6l-1,1 C2.4,3.9,2.3,4.3,2.5,4.5l5,5l-5,5c-0.2,0.2-0.2,0.6,0.1,0.9l1,1c0.3,0.3,0.7,0.3,0.9,0.1l5-5l5,5c0.2,0.2,0.6,0.2,0.9-0.1l1-1 c0.3-0.3,0.3-0.7,0.1-0.9L11.5,9.5z\" \/> <\/svg> <\/span> <\/button>  <\/div>  <div id=\"navBar\" class=\"collapse navbar-collapse navbar-light\"> <ul class=\"navbar-nav\"> <li class=\"navbar-nav-item mr-2\"> <a href=\"https:\/\/piofx.com\/\" class=\"nav-link\">Home<\/a> <\/li>  <li class=\"hs-has-sub-menu navbar-nav-item\"> <a id=\"blogMegaMenu\" class=\"hs-mega-menu-invoker nav-link nav-link-toggle\" href=\"javascript:;\" aria-haspopup=\"true\" aria-expanded=\"false\" aria-labelledby=\"blogSubMenu\">Solutions<\/a>  <div id=\"blogSubMenu\" class=\"hs-sub-menu dropdown-menu\" aria-labelledby=\"blogMegaMenu\" style=\"min-width: 230px;\"> <a class=\"dropdown-item h3 mb-0\" href=\"\/solutions\/school-exams\">School Exams<\/a> <a class=\"dropdown-item\" href=\"\/solutions\/university-exams\">University Exams<\/a> <a class=\"dropdown-item\" href=\"\/solutions\/entrance-exams\">Entrance Exams<\/a> <\/div>  <\/li>    <li class=\"hs-has-sub-menu navbar-nav-item\"> <a id=\"blogMegaMenu\" class=\"hs-mega-menu-invoker nav-link nav-link-toggle\" href=\"javascript:;\" aria-haspopup=\"true\" aria-expanded=\"false\" aria-labelledby=\"blogSubMenu\">Success Stories<\/a>  <div id=\"blogSubMenu\" class=\"hs-sub-menu dropdown-menu\" aria-labelledby=\"blogMegaMenu\" style=\"min-width: 230px;\"> <a class=\"dropdown-item\" href=\"\/success-story\/language-exam\">Language Exams for an Institute<\/a> <a class=\"dropdown-item\" href=\"\/success-story\/lms\">LMS for a Coaching Center<\/a> <a class=\"dropdown-item\" href=\"\/success-story\/final-semester-exam\">Final semeter exams for Univsersity<\/a> <a class=\"dropdown-item\" href=\"\/success-story\/term-exam\">Term exams for a School<\/a> <\/div>  <\/li>   <li class=\"navbar-nav-item mr-2\"> <a class=\"nav-link\" href=\"https:\/\/piofx.com\/features\">Features<\/a> <\/li>   <li class=\"navbar-nav-item mr-2\"> <a class=\"nav-link\" href=\"https:\/\/piofx.com\/pricing\">Pricing<\/a> <\/li>   <li class=\"navbar-nav-item ml-lg-3 mt-3 mt-lg-0 d-none d-lg-block\"> <a class=\"signup_btn\" href=\"https:\/\/piofx.com\/contact\">Talk to us<\/a> <\/li>  <\/ul> <\/div>  <\/nav>  <\/div> <\/div><\/header> <main id=\"content\" role=\"main\"> <div class=\"bg-soft-danger bg-img-hero\" style=\"\"> <div class=\"container space-2 space-top-3 mb-5\"> <div class=\"w-lg-65 text-center mx-lg-auto\"> <span class=\"badge badge-success badge-pill font-size-1 py-3 px-4 mb-3\">The only platform you will ever need<\/span> <h1 class=\"text-danger mb-0\">About PiofX<\/h1> <\/div> <\/div><\/div><div class=\"container\"><div class=\"container space-2\"> <div class=\"row\"> <div class=\"col-lg-8\"> <div class=\"mb-8\"> <div class=\"mb-3\"> <h3>About PiofX<\/h3> <\/div> <p>An Edtech Company founded by educators and technology innovators with over 4 decades of experience in the field of technology, education, and media. This is the world's most comprehensive LMS and assessment platfrom that relieves the most common frustrations faced by educators today. The only platfrom that has been built by educators for educators. The only platfrom the began with a focus on education.<\/p> <ul class=\"pl-4 mb-4\"> <li>Conceived in 2015<\/li> <li>Achieved in 2018<\/li> <\/ul> <div class=\"mb-8\"> <div class=\"mb-3\"> <h3>Features and Services<\/h3> <\/div> <ul class=\"list-inline list-sm-article\"> <li class=\"list-inline-item\"><span class=\"badge badge-soft-dark py-2 px-3\">Feature Customisable<\/span><\/li> <li class=\"list-inline-item\"><span class=\"badge badge-soft-dark py-2 px-3\">Regional Language Ready<\/span><\/li> <li class=\"list-inline-item\"><span class=\"badge badge-soft-dark py-2 px-3\">Anti-cheat Toolkit<\/span><\/li> <li class=\"list-inline-item\"><span class=\"badge badge-soft-dark py-2 px-3\">Full-featured LMS<\/span><\/li> <li class=\"list-inline-item\"><span class=\"badge badge-soft-dark py-2 px-3\">International Exams Ready<\/span><\/li> <li class=\"list-inline-item\"><span class=\"badge badge-soft-dark py-2 px-3\">Single Click Test Launch<\/span><\/li> <li class=\"list-inline-item\"><span class=\"badge badge-soft-dark py-2 px-3\">Pre-formatted Exams<\/span><\/li> <li class=\"list-inline-item\"><span class=\"badge badge-soft-dark py-2 px-3\">IELTS<\/span><\/li> <li class=\"list-inline-item\"><span class=\"badge badge-soft-dark py-2 px-3\">GRE<\/span><\/li> <li class=\"list-inline-item\"><span class=\"badge badge-soft-dark py-2 px-3\">EAMCET<\/span><\/li> <li class=\"list-inline-item\"><span class=\"badge badge-soft-dark py-2 px-3\">NEET<\/span><\/li> <li class=\"list-inline-item\"><span class=\"badge badge-soft-dark py-2 px-3\">School Exams<\/span><\/li> <li class=\"list-inline-item\"><span class=\"badge badge-soft-dark py-2 px-3\">Self-Paced<\/span><\/li> <li class=\"list-inline-item\"><span class=\"badge badge-soft-dark py-2 px-3\">Classroom Quizzes<\/span><\/li> <li class=\"list-inline-item\" id=\"team\"><span class=\"badge badge-soft-dark py-2 px-3\">Attendance<\/span><\/li> <\/ul> <\/div> <\/div>  <div id=\"stickyBlockEndPoint\"><\/div> <div class=\" \" >  <div class=\"\"> <span class=\"d-block small font-weight-bold text-cap mb-2\">Our Team<\/span> <h2 class=\"mb-4\">Trust the professionals<\/h2> <\/div>   <div class=\"js-slick-carousel slick slick-gutters-3 mb-5 \" data-hs-slick-carousel-options='{ \"slidesToShow\": 3, \"dots\": true, \"dotsClass\": \"slick-pagination d-lg-none\", \"responsive\": [{ \"breakpoint\": 1200, \"settings\": { \"slidesToShow\": 3 } }, { \"breakpoint\": 992, \"settings\": { \"slidesToShow\": 2 } }, { \"breakpoint\": 768, \"settings\": { \"slidesToShow\": 2 } }, { \"breakpoint\": 554, \"settings\": { \"slidesToShow\": 1 } }] }'> <div class=\"js-slide pb-6\">  <img class=\"img-fluid w-100 rounded-lg\" src=\"https:\/\/firstacademy.s3.ap-south-1.amazonaws.com\/themes\/26\/file_Teju.jpg\" alt=\"Image Description\"> <div class=\"card mt-n7 mx-3\"> <div class=\"card-body text-center\"> <h4 class=\"mb-1\" >Tejaswy<\/h4> <p class=\"font-size-1 mb-0\">CEO<\/p> <\/div> <\/div>  <\/div> <div class=\"js-slide pb-6\">  <img class=\"img-fluid w-100 rounded-lg\" src=\"https:\/\/firstacademy.s3.ap-south-1.amazonaws.com\/themes\/26\/file_Teja.jpg\" alt=\"Image Description\"> <div class=\"card mt-n7 mx-3\"> <div class=\"card-body text-center\"> <h4 class=\"mb-1\">Krishna Teja<\/h4> <p class=\"font-size-1 mb-0\">CTO<\/p> <\/div> <\/div>  <\/div> <div class=\"js-slide pb-6\">  <img class=\"img-fluid w-100 rounded-lg\" src=\"https:\/\/firstacademy.s3.ap-south-1.amazonaws.com\/themes\/26\/file_Sahithy.jpg\" alt=\"Image Description\"> <div class=\"card mt-n7 mx-3\"> <div class=\"card-body text-center\"> <h4 class=\"mb-1\">Sahithy<\/h4> <p class=\"font-size-1 mb-0\">CFO<\/p> <\/div> <\/div>  <\/div> <\/div>  <\/div><div class=\"\" id=\"testimonials\">  <div class=\" mb-5 mb-md-9\"> <h2 class=\"h1\">Piofx is loved by Educators and Universities Worldwide<\/h2> <\/div>   <div class=\"row\">  <div class=\"col-md-6 col-lg-4 mb-3 mb-md-5 mb-lg-0\"> <div class=\"card h-100\"> <div class=\"card-body\"> <ul class=\"list-inline text-warning\"> <li class=\"list-inline-item mx-0\"> <i class=\"fas fa-star\"><\/i> <\/li> <li class=\"list-inline-item mx-0\"> <i class=\"fas fa-star\"><\/i> <\/li> <li class=\"list-inline-item mx-0\"> <i class=\"fas fa-star\"><\/i> <\/li> <li class=\"list-inline-item mx-0\"> <i class=\"fas fa-star\"><\/i> <\/li> <li class=\"list-inline-item mx-0\"> <i class=\"fas fa-star\"><\/i> <\/li> <\/ul> <div class=\"mb-auto\"> <p class=\"text-dark mb-0\">PiofX has added a new dimension to our business. We are now able to outcompete organisations that are 10 times our size. We now have an international platform showcase both our content and out tests!<\/p> <\/div> <\/div> <div class=\"card-footer border-0 bg-transparent pt-0 px-5 pb-5\"> <div class=\"media align-items-center\"> <div class=\"avatar avatar-circle mr-3\"> <img class=\"avatar-img\" src=\"https:\/\/firstacademy.s3.ap-south-1.amazonaws.com\/themes\/26\/file_fa.jpeg\" alt=\"Image Description\"> <\/div> <div class=\"media-body\"> <h4 class=\"mb-0\">First Academy<\/h4> <small class=\"d-block text-body\">India's most awarded test-prep company<\/small> <\/div> <\/div> <\/div> <\/div> <\/div>   <div class=\"col-md-6 col-lg-4 mb-3 mb-md-5 mb-lg-0\"> <div class=\"card h-100\"> <div class=\"card-body\"> <ul class=\"list-inline text-warning\"> <li class=\"list-inline-item mx-0\"> <i class=\"fas fa-star\"><\/i> <\/li> <li class=\"list-inline-item mx-0\"> <i class=\"fas fa-star\"><\/i> <\/li> <li class=\"list-inline-item mx-0\"> <i class=\"fas fa-star\"><\/i> <\/li> <li class=\"list-inline-item mx-0\"> <i class=\"fas fa-star\"><\/i> <\/li> <li class=\"list-inline-item mx-0\"> <i class=\"fas fa-star\"><\/i> <\/li> <\/ul> <div class=\"mb-auto\"> <p class=\"text-dark mb-0\">Engaging our audience and reaching out to them has become a breeze. The single click interactive quizzes in regional languages take TV viewing to the next level. PiofX delivers!<\/p> <\/div> <\/div> <div class=\"card-footer border-0 bg-transparent pt-0 px-5 pb-5\"> <div class=\"media align-items-center\"> <div class=\"avatar avatar-circle mr-3\"> <img class=\"avatar-img\" src=\"https:\/\/firstacademy.s3.ap-south-1.amazonaws.com\/themes\/26\/file_inews.png\" alt=\"Image Description\"> <\/div> <div class=\"media-body\"> <h4 class=\"mb-0\">iNews<\/h4> <small class=\"d-block text-body\">One of the top regional news channels in India<\/small> <\/div> <\/div> <\/div> <\/div> <\/div>   <div class=\"col-md-6 col-lg-4\"> <div class=\"card h-100\"> <div class=\"card-body\"> <ul class=\"list-inline text-warning\"> <li class=\"list-inline-item mx-0\"> <i class=\"fas fa-star\"><\/i> <\/li> <li class=\"list-inline-item mx-0\"> <i class=\"fas fa-star\"><\/i> <\/li> <li class=\"list-inline-item mx-0\"> <i class=\"fas fa-star\"><\/i> <\/li> <li class=\"list-inline-item mx-0\"> <i class=\"fas fa-star\"><\/i> <\/li> <li class=\"list-inline-item mx-0\"> <i class=\"fas fa-star\"><\/i> <\/li> <\/ul> <div class=\"mb-auto\"> <p class=\"text-dark mb-0\">The range of question types and the inclusion of code-compilation questions and the speed are the top reasons why we chose PiofX. It is unmatched! It handles all 100000 our users with ease.<\/p> <\/div> <\/div> <div class=\"card-footer border-0 bg-transparent pt-0 px-5 pb-5\"> <div class=\"media align-items-center\"> <div class=\"avatar avatar-circle mr-3\"> <img class=\"avatar-img\" src=\"https:\/\/firstacademy.s3.ap-south-1.amazonaws.com\/themes\/26\/file_pp.jpeg\" alt=\"Image Description\"> <\/div> <div class=\"media-body\"> <h4 class=\"mb-0\">PacketPrep<\/h4> <small class=\"d-block text-body\">Skilling, Training, and Employment Services Company<\/small> <\/div> <\/div> <\/div> <\/div> <\/div>  <\/div><\/div> <\/div> <div class=\"col-lg-4\"> <div class=\"mt-5 mt-md-0\"> <div id=\"stickyBlockStartPoint\" class=\"pl-lg-4\">  <div class=\"js-sticky-blocks card card-bordered bg-soft-warning\" data-hs-sticky-block-options='{ \"parentSelector\": \"#stickyBlockStartPoint\", \"breakpoint\": \"lg\", \"startPoint\": \"#stickyBlockStartPoint\", \"endPoint\": \"#stickyBlockEndPoint\", \"stickyOffsetTop\": 20, \"stickyOffsetBottom\": 20 }'> <div class=\"card-body p-5\"> <div class=\"mb-5\"> <h3>World's only full-featured LMS and assessments system<\/h3> <\/div> <a class=\"btn btn-sm btn-block btn-soft-dark\" href=\"\/features\">View All Features<\/a> <img class=\"card-img-bottom mt-7\" src=\"https:\/\/htmlstream.com\/front\/assets\/svg\/illustrations\/discussion-scene.svg\" alt=\"Image Description\"> <\/div> <\/div>  <\/div> <\/div><\/div><\/main><footer class=\"footer-color text-white\">  <div class=\"container\"> <div class=\"space-2\"> <div class=\"row justify-content-md-between\"> <div class=\"col-lg-4 mb-4 mb-lg-0\"> <a class=\"d-inline-flex mb-4\" href=\"#\" aria-label=\"Front\"> <img class=\"brand\" src=\"https:\/\/firstacademy.s3.ap-south-1.amazonaws.com\/themes\/26\/file_piofx-white.png\" alt=\"Logo\"> <\/a> <p class=\"darkgreen\"><b class=\"lightgreen\">PiofX Media Private Limited<\/b><br> 2nd floor, Oyster Uptown Building, Beside Durgam Cheruvu Metro Station \ud83d\ude87,<br> Madhapur, Hyderabad, Telangana - 500081.<\/p> <div style=\"color:#7ba4ab\"> <span class=\"fas fa-phone-alt mt-1 mr-2\" ><\/span> <span style=\"color:#bde2e8\">+91 9515125110<\/span> <\/div> <span style=\"color:#7ba4ab\"> <span class=\"fas fa fa-envelope mt-1 mr-2 \" style=\"color:#7ba4ab\"><\/span> <span style=\"color:#bde2e8\"> nt@piofx.com<\/span> <\/span> <\/div> <div class=\"col-6 col-sm-4 col-lg-2 mb-4 mb-lg-0\"> <h5 class=\"text-white\">Company<\/h5>  <ul class=\"nav nav-sm nav-x-0 flex-column\" > <li class=\"nav-item mb-2\"><a class=\"lightgreen\" href=\"\/about\">About<\/a><\/li> <li class=\"nav-item mb-2\"><a class=\" lightgreen\" href=\"\/about#team\">Team<\/a><\/li> <li class=\"nav-item mb-2\"><a class=\"lightgreen\" href=\"\/about#testimonials\">Testimonials<\/a><\/li> <li class=\"nav-item mb-2\"><a class=\"lightgreen\" href=\"\/blog\">Blog<\/a><\/li> <li class=\"nav-item mb-2\"><a class=\"lightgreen\" href=\"\/contact\">Contact<\/a><\/li> <\/ul>  <\/div> <div class=\"col-6 col-sm-4 col-lg-2 mb-4 mb-lg-0\"> <h5 class=\"text-white\">Product<\/h5>  <ul class=\"nav nav-sm nav-x-0 flex-column\" > <li class=\"nav-item mb-2\"><a class=\"lightgreen\" href=\"\/features\">Features<\/a><\/li> <li class=\"nav-item mb-2\"><a class=\" lightgreen\" href=\"\/demo\">Demo Account<\/a><\/li> <li class=\"nav-item mb-2\"><a class=\"lightgreen\" href=\"\/pricing\">Pricing<\/a><\/li> <li class=\"nav-item mb-2\"><a class=\"lightgreen\" href=\"\/compare-plans\">Compare Plans<\/a><\/li> <\/ul>  <\/div> <div class=\"col-6 col-sm-4 col-lg-2 mb-4 mb-lg-0\"> <h5 class=\"text-white\">Solutions<\/h5>  <ul class=\"nav nav-sm nav-x-0 flex-column\"> <li class=\"nav-item mb-2\"><a class=\"lightgreen\" href=\"\/solutions\/school-exams\">School Exams<\/a><\/li> <li class=\"nav-item mb-2\"><a class=\" lightgreen\" href=\"\/solutions\/university-exams\">University Exams<\/a><\/li> <li class=\"nav-item mb-2\"><a class=\"lightgreen\" href=\"\/solutions\/entrance-exams\">Entrance Exams<\/a><\/li> <\/ul>  <\/div> <div class=\"col-6 col-sm-4 col-lg-2\"> <h5 class=\"text-white\">Resources<\/h5>  <ul class=\"nav nav-sm nav-x-0 flex-column\"> <li class=\"nav-item mb-2\"><a class=\"lightgreen\" href=\"\/page\/faq\">FAQ<\/a><\/li> <li class=\"nav-item mb-2\"><a class=\"lightgreen\" href=\"\/page\/security\">Security<\/a><\/li> <li class=\"nav-item mb-2\"><a class=\"lightgreen\" href=\"\/page\/privacy\">Privacy<\/a><\/li> <li class=\"nav-item mb-2\"><a class=\"lightgreen\" href=\"\/page\/terms\">Terms<\/a><\/li> <\/ul>  <\/div> <\/div> <\/div> <\/div> <\/footer> <footer class=\"footer-color\" id=\"contact\"> <div class=\"container\"> <div class=\"py-3\">  <div class=\"w-md-75 text-lg-center mx-lg-auto\"> <p class=\"text-white opacity-sm small\">\u00a9 Piofx Media. 2021 All rights reserved.<\/p> <p class=\"text-white opacity-sm small\">When you visit or interact with our sites, services or tools, we or our authorised service providers may use cookies for storing information to help provide you with a better, faster and safer experience and for marketing purposes.<\/p> <\/div>  <\/div> <\/div> <\/footer>  <script src=\"\/themes\/front\/vendor\/jquery\/dist\/jquery.min.js\"><\/script> <script src=\"\/themes\/front\/vendor\/jquery-migrate\/dist\/jquery-migrate.min.js\"><\/script> <script src=\"\/themes\/front\/vendor\/bootstrap\/dist\/js\/bootstrap.bundle.min.js\"><\/script>  <script src=\"\/themes\/front\/vendor\/hs-header\/dist\/hs-header.min.js\"><\/script> <script src=\"\/themes\/front\/vendor\/hs-go-to\/dist\/hs-go-to.min.js\"><\/script> <script src=\"\/themes\/front\/vendor\/hs-unfold\/dist\/hs-unfold.min.js\"><\/script> <script src=\"\/themes\/front\/vendor\/hs-mega-menu\/dist\/hs-mega-menu.min.js\"><\/script> <script src=\"\/themes\/front\/vendor\/slick-carousel\/slick\/slick.js\"><\/script> <script src=\"\/themes\/front\/vendor\/jquery-validation\/dist\/jquery.validate.min.js\"><\/script> <script src=\"\/themes\/front\/vendor\/aos\/dist\/aos.js\"><\/script>  <script src=\"\/themes\/front\/js\/hs.core.js\"><\/script> <script src=\"\/themes\/front\/js\/hs.slick-carousel.js\"><\/script> <script src=\"\/themes\/front\/js\/hs.validation.js\"><\/script> <script src=\"https:\/\/unpkg.com\/aos@2.3.1\/dist\/aos.js\"><\/script> <script> AOS.init(); <\/script>  <script> $(document).on(\"ready\", function () { var header = new HSHeader($(\"#header\")).init(); var megaMenu = new HSMegaMenu($(\".js-mega-menu\"), { desktop: { position: \"left\", }, }).init(); var unfold = new HSUnfold(\".js-hs-unfold-invoker\").init(); $(\".js-slick-carousel\").each(function () { var slickCarousel = $.HSCore.components.HSSlickCarousel.init($(this)); }); $(\".js-validate\").each(function () { var validation = $.HSCore.components.HSValidation.init($(this)); }); AOS.init({ duration: 650, once: true, }); $(\".js-go-to\").each(function () { var goTo = new HSGoTo($(this)).init(); }); }); <\/script><script src=\"https:\/\/firstacademy.s3.ap-south-1.amazonaws.com\/themes\/26\/file_hs-toggle-switch.min.js\"><\/script><script> $(document).ready(function(){ $('.js-toggle-switch').on('change',function() { if(this.checked) { $('.type').html('User <br> per Month'); $('.type_name').html('User '); $('#basic_price').html('30'); $('#essential_price').html('50'); $('#pro_price').html('85'); }else{ $('.type').html('Assessment'); $('.type_name').html('Assessment'); $('#basic_price').html('2'); $('#essential_price').html('8'); $('#pro_price').html('15'); } }); });<\/script><\/body><\/html>",
    "settings": "{\"title\":\"About | PiofX\"}",
    "admin": 0,
    "client_id": 14,
    "theme_id": 26,
    "agency_id": 1,
    "user_id": 53,
    "status": 1,
    "created_at": "2021-05-26T10:22:27.000000Z",
    "updated_at": "2021-06-12T18:13:31.000000Z"
}