{
    "id": 149,
    "name": "Pricing",
    "slug": "pricing",
    "html": "{{@header}}\r\n    <main id=\"content\" role=\"main\">\r\n        <!-- Hero Section -->\r\n<div class=\"bg-soft-danger bg-img-hero\" style=\"\">\r\n  <div class=\"container space-2 space-top-3 mb-5\">\r\n    <div class=\"w-lg-65 text-center mx-lg-auto\">\r\n      <span class=\"badge badge-success badge-pill font-size-1 py-3 px-4 mb-3\">Everything you need. End to End.<\/span>\r\n      <h1 class=\"text-danger mb-0\">Choose a plan that's right for you.<\/h1>\r\n    <\/div> \r\n    <!-- Toggle Switch -->\r\n    <div class=\"d-flex justify-content-center align-items-center mb-1 mt-3\">\r\n      <span class=\"font-size-1 text-dark\">Assessment Based<\/span>\r\n      <label class=\"toggle-switch mx-2\" for=\"customSwitchExample1\">\r\n        <input type=\"checkbox\" class=\"js-toggle-switch toggle-switch-input\" id=\"customSwitchExample1\"\r\n               data-hs-switch-text-options='{\r\n                         \"target\": [{\r\n                           \"selector\": \"#rangeSliderResult\",\r\n                           \"text\": 500\r\n                         }, {\r\n                           \"selector\": \"#rangeSliderSecondaryResult\",\r\n                           \"text\": 50000\r\n                         }],\r\n                         \"startUpdateOnChange\": true\r\n                       }'>\r\n        <span class=\"toggle-switch-label\">\r\n          <span class=\"toggle-switch-indicator\"><\/span>\r\n        <\/span>\r\n      <\/label>\r\n      <div class=\"position-relative\">\r\n        <span class=\"font-size-1 text-dark\">User Based<\/span>\r\n\r\n        \r\n      <\/div>\r\n    <\/div>\r\n    <!-- End Toggle Switch -->\r\n\r\n  <\/div>\r\n<\/div>\r\n<!-- End Hero Section -->\r\n<div class=\"container\">\r\n<!-- Pricing Section -->\r\n<div class=\"container space-1\">\r\n \r\n<!-- Pricing Section -->\r\n  <!-- Title -->\r\n    <div class=\"w-md-80 w-lg-60 text-center mx-md-auto mb-9\">\r\n      <h2 class=\"h2\"><span class=\"type_name\" >Assessment<\/span> based pricing<\/h2>\r\n    <\/div>\r\n    <!-- End Title -->\r\n\r\n  <div class=\"w-xl-90 mx-xl-auto\">\r\n    <!-- Pricing -->\r\n    <div class=\"card p-4 mb-3 mb-md-1 bg-soft-warning my-4\">\r\n      <div class=\"row align-items-sm-center\">\r\n        <div class=\"col \">\r\n          <div class=\"media align-items-center\">\r\n            <div class=\"min-w-8rem mr-2\">\r\n              <i class=\"fas fa-feather fa-2x\"><\/i>\r\n            <\/div>\r\n            <div class=\"media-body\">\r\n              <h2 class=\"mb-2\">Basic<\/h2>\r\n              <div class=\"d-block\">Objective Tests, Basic Reports, Whitelabelled website<\/div>\r\n              <div class=\"mt-2\"><a  href=\"\/compare-plans\">Compare Plans <i class=\"fas fa-angle-right fa-sm ml-1\"><\/i><\/a><\/div>\r\n            <\/div>\r\n          <\/div>\r\n        <\/div>\r\n        <div class=\" col-md-3 col-lg-4\">\r\n          <div class=\"mt-3\">Ideal for SME, Training & Coaching Institutes for basic assessments<\/div>\r\n        <\/div>\r\n        <div class=\"col-12 col-md-4 col-lg-3 col-xl-3 text-lg-right mt-3 mt-lg-0\">\r\n          <a class=\"btn btn-block btn-outline-success border border-success transition-3d-hover\" href=\"\/contact\" ><small>Starts at<\/small><div class=\"display-4\" >\u20b9<span id=\"basic_price\" data-off=\"2\" data-on=\"30\"\r\n                         >2<\/span><\/div> per <span class=\"type\" data-off=\"assessment\" data-on=\"user\">assessment<\/span><\/a>\r\n        <\/div>\r\n      <\/div>\r\n    <\/div>\r\n    <!-- End Pricing -->\r\n\r\n    <!-- Pricing -->\r\n    <div class=\"card p-4 mb-3 mb-md-1 my-3 bg-soft-info my-4\">\r\n      <div class=\"row align-items-sm-center\">\r\n        <div class=\"col\">\r\n          <div class=\"media align-items-center\">\r\n            <div class=\"min-w-8rem mr-2 text-center\">\r\n              <i class=\"fas fa-star-of-david fa-2x\"><\/i>\r\n            <\/div>\r\n            <div class=\"media-body\">\r\n              <h2 class=\"mb-2\">Essential<\/h2>\r\n              <div class=\"d-block\">All Basic + Descriptive Tests,<br> AI Cheating detection tools<\/div>\r\n               <div class=\"mt-2\"><a  href=\"\/compare-plans\">Compare Plans <i class=\"fas fa-angle-right fa-sm ml-1\"><\/i><\/a><\/div>\r\n            <\/div>\r\n          <\/div>\r\n        <\/div>\r\n        <div class=\"col-md-3 col-lg-4\">\r\n          <div class=\"mt-3 \">Best suited for Schools & Colleges for internal assessments<\/div>\r\n        <\/div>\r\n        <div class=\"col-12 col-md-4 col-lg-3 col-xl-3 text-lg-right mt-3 mt-lg-0\">\r\n          <a class=\"btn btn-block btn-outline-info border border-info transition-3d-hover\" href=\"\/contact\"><small>Starts at<\/small><div class=\"display-4\">\u20b9<span id=\"essential_price\" data-off=\"8\" data-on=\"60\"\r\n                         >8<\/span><\/div> per <span class=\"type\" data-off=\"assessment\" data-on=\"user\">assessment<\/span><\/a>\r\n        <\/div>\r\n      <\/div>\r\n    <\/div>\r\n    <!-- End Pricing -->\r\n\r\n    <!-- Pricing -->\r\n    <div class=\"card p-4 mb-3 mb-md-1 bg-soft-primary my-4\">\r\n      <div class=\"row align-items-sm-center\">\r\n        <div class=\"col\">\r\n          <div class=\"media align-items-center\">\r\n            <div class=\"min-w-8rem mr-2 text-center\">\r\n              <i class=\"fas fa-chess-queen fa-2x\"><\/i>\r\n            <\/div>\r\n            <div class=\"media-body\">\r\n              <h2 class=\"mb-2\">Pro<\/h2>\r\n              <div class=\"d-block \">All Essentail + AI Proctored Tests, Comprehensive Analytics <\/div>\r\n               <div class=\"mt-2\"><a  href=\"\/compare-plans\">Compare Plans <i class=\"fas fa-angle-right fa-sm ml-1\"><\/i><\/a><\/div>\r\n            <\/div>\r\n          <\/div>\r\n        <\/div>\r\n        <div class=\"col-md-3 col-lg-4\">\r\n          <div class=\" mt-3\">Best suited for Universities & Corporates for Highly Secure Proctored Exams<\/div>\r\n        <\/div>\r\n        <div class=\"col-12 col-md-4 col-lg-3 col-xl-3 text-lg-right mt-3 mt-lg-0\">\r\n\r\n          <a class=\"btn btn-block btn-outline-primary border border-primary transition-3d-hover\" href=\"\/contact\" ><small>Starts at<\/small><div class=\"display-4\">\u20b9<span id=\"pro_price\" data-off=\"15\" data-on=\"100\"\r\n                         >15<\/span><\/div> per <span class=\"type\" data-off=\"assessment\" data-on=\"user\">assessment<\/span><\/a>\r\n        <\/div>\r\n      <\/div>\r\n    <\/div>\r\n    <!-- End Pricing -->\r\n  <\/div>\r\n\r\n<!-- End Pricing Section -->\r\n\r\n\r\n\r\n<\/div>\r\n<!-- End Pricing Section -->\r\n<\/div>\r\n    <\/main>\r\n{{@footer}}",
    "html_minified": "<!DOCTYPE html><html lang=\"en\"><head><meta http-equiv=\"Content-Type\" content=\"text\/html; charset=UTF-8\">  <title>World's Most Comprehensive Assessment Platform | PiofX Media<\/title>  <meta name=\"description\" content=\"The best assessments platform for schools, colleges and universities\" \/> <meta name=\"viewport\" content=\"width=device-width, initial-scale=1, shrink-to-fit=no\">  <link rel=\"shortcut icon\" href=\"https:\/\/i.imgur.com\/UaMeYDb.png\" \/>   <link rel=\"stylesheet\" href=\"https:\/\/firstacademy.s3.ap-south-1.amazonaws.com\/themes\/26\/file_front_all.css\"> <link rel=\"stylesheet\" href=\"https:\/\/firstacademy.s3.ap-south-1.amazonaws.com\/themes\/26\/file_mystyle.css\"> <link rel=\"stylesheet\" href=\"\/themes\/front\/vendor\/aos\/dist\/aos.css\" \/>  <link rel=\"stylesheet\" href=\"\/themes\/front\/css\/theme.css\" \/> <link rel=\"stylesheet\" href=\"https:\/\/cdnjs.cloudflare.com\/ajax\/libs\/font-awesome\/5.15.3\/css\/all.min.css\" \/><\/head><body data-new-gr-c-s-check-loaded=\"14.1010.0\" data-gr-ext-installed=\"\"><header id=\"header\" class=\"header nav-shadow position-fixed\" style=\"\"> <div id=\"logoAndNav\" class=\"container\">  <nav class=\"js-mega-menu navbar navbar-expand-lg d-flex justify-content-between my-0\">  <a href=\"\/\" class=\"d-block d-lg-none\" aria-label=\"Front\"> <img class=\"img-fluid\" src=\"https:\/\/firstacademy.s3.ap-south-1.amazonaws.com\/themes\/26\/file_piofx.png\" width=\"120\" alt=\"Logo\"> <\/a> <a href=\"\/\" class=\"d-none d-lg-block\" aria-label=\"Front\"> <img class=\"img-fluid\" src=\"https:\/\/firstacademy.s3.ap-south-1.amazonaws.com\/themes\/26\/file_piofx.png\" width=\"120\" alt=\"Logo\"> <\/a>  <div> <a class=\"signup_btn ml-3 d-lg-none\" href=\"\/contact\">Talk to us<\/a>  <button type=\"button\" class=\"navbar-toggler btn btn-icon btn-ghost\" aria-label=\"Toggle navigation\" aria-expanded=\"false\" aria-controls=\"navBar\" data-toggle=\"collapse\" data-target=\"#navBar\"> <span class=\"navbar-toggler-default\"> <svg width=\"14\" height=\"14\" viewBox=\"0 0 18 18\" xmlns=\"http:\/\/www.w3.org\/2000\/svg\"> <path fill=\"currentColor\" d=\"M17.4,6.2H0.6C0.3,6.2,0,5.9,0,5.5V4.1c0-0.4,0.3-0.7,0.6-0.7h16.9c0.3,0,0.6,0.3,0.6,0.7v1.4C18,5.9,17.7,6.2,17.4,6.2z M17.4,14.1H0.6c-0.3,0-0.6-0.3-0.6-0.7V12c0-0.4,0.3-0.7,0.6-0.7h16.9c0.3,0,0.6,0.3,0.6,0.7v1.4C18,13.7,17.7,14.1,17.4,14.1z\" \/> <\/svg> <\/span> <span class=\"navbar-toggler-toggled\"> <svg width=\"14\" height=\"14\" viewBox=\"0 0 18 18\" xmlns=\"http:\/\/www.w3.org\/2000\/svg\"> <path fill=\"currentColor\" d=\"M11.5,9.5l5-5c0.2-0.2,0.2-0.6-0.1-0.9l-1-1c-0.3-0.3-0.7-0.3-0.9-0.1l-5,5l-5-5C4.3,2.3,3.9,2.4,3.6,2.6l-1,1 C2.4,3.9,2.3,4.3,2.5,4.5l5,5l-5,5c-0.2,0.2-0.2,0.6,0.1,0.9l1,1c0.3,0.3,0.7,0.3,0.9,0.1l5-5l5,5c0.2,0.2,0.6,0.2,0.9-0.1l1-1 c0.3-0.3,0.3-0.7,0.1-0.9L11.5,9.5z\" \/> <\/svg> <\/span> <\/button>  <\/div>  <div id=\"navBar\" class=\"collapse navbar-collapse navbar-light\"> <ul class=\"navbar-nav\"> <li class=\"navbar-nav-item mr-2\"> <a href=\"https:\/\/piofx.com\/\" class=\"nav-link\">Home<\/a> <\/li>  <li class=\"hs-has-sub-menu navbar-nav-item\"> <a id=\"blogMegaMenu\" class=\"hs-mega-menu-invoker nav-link nav-link-toggle\" href=\"javascript:;\" aria-haspopup=\"true\" aria-expanded=\"false\" aria-labelledby=\"blogSubMenu\">Solutions<\/a>  <div id=\"blogSubMenu\" class=\"hs-sub-menu dropdown-menu\" aria-labelledby=\"blogMegaMenu\" style=\"min-width: 230px;\"> <a class=\"dropdown-item h3 mb-0\" href=\"\/solutions\/school-exams\">School Exams<\/a> <a class=\"dropdown-item\" href=\"\/solutions\/university-exams\">University Exams<\/a> <a class=\"dropdown-item\" href=\"\/solutions\/entrance-exams\">Entrance Exams<\/a> <\/div>  <\/li>    <li class=\"hs-has-sub-menu navbar-nav-item\"> <a id=\"blogMegaMenu\" class=\"hs-mega-menu-invoker nav-link nav-link-toggle\" href=\"javascript:;\" aria-haspopup=\"true\" aria-expanded=\"false\" aria-labelledby=\"blogSubMenu\">Success Stories<\/a>  <div id=\"blogSubMenu\" class=\"hs-sub-menu dropdown-menu\" aria-labelledby=\"blogMegaMenu\" style=\"min-width: 230px;\"> <a class=\"dropdown-item\" href=\"\/success-story\/language-exam\">Language Exams for an Institute<\/a> <a class=\"dropdown-item\" href=\"\/success-story\/lms\">LMS for a Coaching Center<\/a> <a class=\"dropdown-item\" href=\"\/success-story\/final-semester-exam\">Final semeter exams for Univsersity<\/a> <a class=\"dropdown-item\" href=\"\/success-story\/term-exam\">Term exams for a School<\/a> <\/div>  <\/li>   <li class=\"navbar-nav-item mr-2\"> <a class=\"nav-link\" href=\"https:\/\/piofx.com\/features\">Features<\/a> <\/li>   <li class=\"navbar-nav-item mr-2\"> <a class=\"nav-link\" href=\"https:\/\/piofx.com\/pricing\">Pricing<\/a> <\/li>   <li class=\"navbar-nav-item ml-lg-3 mt-3 mt-lg-0 d-none d-lg-block\"> <a class=\"signup_btn\" href=\"https:\/\/piofx.com\/contact\">Talk to us<\/a> <\/li>  <\/ul> <\/div>  <\/nav>  <\/div> <\/div><\/header>  <main id=\"content\" role=\"main\"> <div class=\"bg-soft-danger bg-img-hero\" style=\"\"> <div class=\"container space-2 space-top-3 mb-5\"> <div class=\"w-lg-65 text-center mx-lg-auto\"> <span class=\"badge badge-success badge-pill font-size-1 py-3 px-4 mb-3\">Everything you need. End to End.<\/span> <h1 class=\"text-danger mb-0\">Choose a plan that's right for you.<\/h1> <\/div>  <div class=\"d-flex justify-content-center align-items-center mb-1 mt-3\"> <span class=\"font-size-1 text-dark\">Assessment Based<\/span> <label class=\"toggle-switch mx-2\" for=\"customSwitchExample1\"> <input type=\"checkbox\" class=\"js-toggle-switch toggle-switch-input\" id=\"customSwitchExample1\" data-hs-switch-text-options='{ \"target\": [{ \"selector\": \"#rangeSliderResult\", \"text\": 500 }, { \"selector\": \"#rangeSliderSecondaryResult\", \"text\": 50000 }], \"startUpdateOnChange\": true }'> <span class=\"toggle-switch-label\"> <span class=\"toggle-switch-indicator\"><\/span> <\/span> <\/label> <div class=\"position-relative\"> <span class=\"font-size-1 text-dark\">User Based<\/span> <\/div> <\/div>  <\/div><\/div><div class=\"container\"><div class=\"container space-1\">   <div class=\"w-md-80 w-lg-60 text-center mx-md-auto mb-9\"> <h2 class=\"h2\"><span class=\"type_name\" >Assessment<\/span> based pricing<\/h2> <\/div>  <div class=\"w-xl-90 mx-xl-auto\">  <div class=\"card p-4 mb-3 mb-md-1 bg-soft-warning my-4\"> <div class=\"row align-items-sm-center\"> <div class=\"col \"> <div class=\"media align-items-center\"> <div class=\"min-w-8rem mr-2\"> <i class=\"fas fa-feather fa-2x\"><\/i> <\/div> <div class=\"media-body\"> <h2 class=\"mb-2\">Basic<\/h2> <div class=\"d-block\">Objective Tests, Basic Reports, Whitelabelled website<\/div> <div class=\"mt-2\"><a href=\"\/compare-plans\">Compare Plans <i class=\"fas fa-angle-right fa-sm ml-1\"><\/i><\/a><\/div> <\/div> <\/div> <\/div> <div class=\" col-md-3 col-lg-4\"> <div class=\"mt-3\">Ideal for SME, Training & Coaching Institutes for basic assessments<\/div> <\/div> <div class=\"col-12 col-md-4 col-lg-3 col-xl-3 text-lg-right mt-3 mt-lg-0\"> <a class=\"btn btn-block btn-outline-success border border-success transition-3d-hover\" href=\"\/contact\" ><small>Starts at<\/small><div class=\"display-4\" >\u20b9<span id=\"basic_price\" data-off=\"2\" data-on=\"30\" >2<\/span><\/div> per <span class=\"type\" data-off=\"assessment\" data-on=\"user\">assessment<\/span><\/a> <\/div> <\/div> <\/div>   <div class=\"card p-4 mb-3 mb-md-1 my-3 bg-soft-info my-4\"> <div class=\"row align-items-sm-center\"> <div class=\"col\"> <div class=\"media align-items-center\"> <div class=\"min-w-8rem mr-2 text-center\"> <i class=\"fas fa-star-of-david fa-2x\"><\/i> <\/div> <div class=\"media-body\"> <h2 class=\"mb-2\">Essential<\/h2> <div class=\"d-block\">All Basic + Descriptive Tests,<br> AI Cheating detection tools<\/div> <div class=\"mt-2\"><a href=\"\/compare-plans\">Compare Plans <i class=\"fas fa-angle-right fa-sm ml-1\"><\/i><\/a><\/div> <\/div> <\/div> <\/div> <div class=\"col-md-3 col-lg-4\"> <div class=\"mt-3 \">Best suited for Schools & Colleges for internal assessments<\/div> <\/div> <div class=\"col-12 col-md-4 col-lg-3 col-xl-3 text-lg-right mt-3 mt-lg-0\"> <a class=\"btn btn-block btn-outline-info border border-info transition-3d-hover\" href=\"\/contact\"><small>Starts at<\/small><div class=\"display-4\">\u20b9<span id=\"essential_price\" data-off=\"8\" data-on=\"60\" >8<\/span><\/div> per <span class=\"type\" data-off=\"assessment\" data-on=\"user\">assessment<\/span><\/a> <\/div> <\/div> <\/div>   <div class=\"card p-4 mb-3 mb-md-1 bg-soft-primary my-4\"> <div class=\"row align-items-sm-center\"> <div class=\"col\"> <div class=\"media align-items-center\"> <div class=\"min-w-8rem mr-2 text-center\"> <i class=\"fas fa-chess-queen fa-2x\"><\/i> <\/div> <div class=\"media-body\"> <h2 class=\"mb-2\">Pro<\/h2> <div class=\"d-block \">All Essentail + AI Proctored Tests, Comprehensive Analytics <\/div> <div class=\"mt-2\"><a href=\"\/compare-plans\">Compare Plans <i class=\"fas fa-angle-right fa-sm ml-1\"><\/i><\/a><\/div> <\/div> <\/div> <\/div> <div class=\"col-md-3 col-lg-4\"> <div class=\" mt-3\">Best suited for Universities & Corporates for Highly Secure Proctored Exams<\/div> <\/div> <div class=\"col-12 col-md-4 col-lg-3 col-xl-3 text-lg-right mt-3 mt-lg-0\"> <a class=\"btn btn-block btn-outline-primary border border-primary transition-3d-hover\" href=\"\/contact\" ><small>Starts at<\/small><div class=\"display-4\">\u20b9<span id=\"pro_price\" data-off=\"15\" data-on=\"100\" >15<\/span><\/div> per <span class=\"type\" data-off=\"assessment\" data-on=\"user\">assessment<\/span><\/a> <\/div> <\/div> <\/div>  <\/div><\/div><\/div> <\/main><footer class=\"footer-color text-white\">  <div class=\"container\"> <div class=\"space-2\"> <div class=\"row justify-content-md-between\"> <div class=\"col-lg-4 mb-4 mb-lg-0\"> <a class=\"d-inline-flex mb-4\" href=\"#\" aria-label=\"Front\"> <img class=\"brand\" src=\"https:\/\/firstacademy.s3.ap-south-1.amazonaws.com\/themes\/26\/file_piofx-white.png\" alt=\"Logo\"> <\/a> <p class=\"darkgreen\"><b class=\"lightgreen\">PiofX Media Private Limited<\/b><br> 2nd floor, Oyster Uptown Building, Beside Durgam Cheruvu Metro Station \ud83d\ude87,<br> Madhapur, Hyderabad, Telangana - 500081.<\/p> <div style=\"color:#7ba4ab\"> <span class=\"fas fa-phone-alt mt-1 mr-2\" ><\/span> <span style=\"color:#bde2e8\">+91 9515125110<\/span> <\/div> <span style=\"color:#7ba4ab\"> <span class=\"fas fa fa-envelope mt-1 mr-2 \" style=\"color:#7ba4ab\"><\/span> <span style=\"color:#bde2e8\"> nt@piofx.com<\/span> <\/span> <\/div> <div class=\"col-6 col-sm-4 col-lg-2 mb-4 mb-lg-0\"> <h5 class=\"text-white\">Company<\/h5>  <ul class=\"nav nav-sm nav-x-0 flex-column\" > <li class=\"nav-item mb-2\"><a class=\"lightgreen\" href=\"\/about\">About<\/a><\/li> <li class=\"nav-item mb-2\"><a class=\" lightgreen\" href=\"\/about#team\">Team<\/a><\/li> <li class=\"nav-item mb-2\"><a class=\"lightgreen\" href=\"\/about#testimonials\">Testimonials<\/a><\/li> <li class=\"nav-item mb-2\"><a class=\"lightgreen\" href=\"\/blog\">Blog<\/a><\/li> <li class=\"nav-item mb-2\"><a class=\"lightgreen\" href=\"\/contact\">Contact<\/a><\/li> <\/ul>  <\/div> <div class=\"col-6 col-sm-4 col-lg-2 mb-4 mb-lg-0\"> <h5 class=\"text-white\">Product<\/h5>  <ul class=\"nav nav-sm nav-x-0 flex-column\" > <li class=\"nav-item mb-2\"><a class=\"lightgreen\" href=\"\/features\">Features<\/a><\/li> <li class=\"nav-item mb-2\"><a class=\" lightgreen\" href=\"\/demo\">Demo Account<\/a><\/li> <li class=\"nav-item mb-2\"><a class=\"lightgreen\" href=\"\/pricing\">Pricing<\/a><\/li> <li class=\"nav-item mb-2\"><a class=\"lightgreen\" href=\"\/compare-plans\">Compare Plans<\/a><\/li> <\/ul>  <\/div> <div class=\"col-6 col-sm-4 col-lg-2 mb-4 mb-lg-0\"> <h5 class=\"text-white\">Solutions<\/h5>  <ul class=\"nav nav-sm nav-x-0 flex-column\"> <li class=\"nav-item mb-2\"><a class=\"lightgreen\" href=\"\/solutions\/school-exams\">School Exams<\/a><\/li> <li class=\"nav-item mb-2\"><a class=\" lightgreen\" href=\"\/solutions\/university-exams\">University Exams<\/a><\/li> <li class=\"nav-item mb-2\"><a class=\"lightgreen\" href=\"\/solutions\/entrance-exams\">Entrance Exams<\/a><\/li> <\/ul>  <\/div> <div class=\"col-6 col-sm-4 col-lg-2\"> <h5 class=\"text-white\">Resources<\/h5>  <ul class=\"nav nav-sm nav-x-0 flex-column\"> <li class=\"nav-item mb-2\"><a class=\"lightgreen\" href=\"\/page\/faq\">FAQ<\/a><\/li> <li class=\"nav-item mb-2\"><a class=\"lightgreen\" href=\"\/page\/security\">Security<\/a><\/li> <li class=\"nav-item mb-2\"><a class=\"lightgreen\" href=\"\/page\/privacy\">Privacy<\/a><\/li> <li class=\"nav-item mb-2\"><a class=\"lightgreen\" href=\"\/page\/terms\">Terms<\/a><\/li> <\/ul>  <\/div> <\/div> <\/div> <\/div> <\/footer> <footer class=\"footer-color\" id=\"contact\"> <div class=\"container\"> <div class=\"py-3\">  <div class=\"w-md-75 text-lg-center mx-lg-auto\"> <p class=\"text-white opacity-sm small\">\u00a9 Piofx Media. 2021 All rights reserved.<\/p> <p class=\"text-white opacity-sm small\">When you visit or interact with our sites, services or tools, we or our authorised service providers may use cookies for storing information to help provide you with a better, faster and safer experience and for marketing purposes.<\/p> <\/div>  <\/div> <\/div> <\/footer>  <script src=\"\/themes\/front\/vendor\/jquery\/dist\/jquery.min.js\"><\/script> <script src=\"\/themes\/front\/vendor\/jquery-migrate\/dist\/jquery-migrate.min.js\"><\/script> <script src=\"\/themes\/front\/vendor\/bootstrap\/dist\/js\/bootstrap.bundle.min.js\"><\/script>  <script src=\"\/themes\/front\/vendor\/hs-header\/dist\/hs-header.min.js\"><\/script> <script src=\"\/themes\/front\/vendor\/hs-go-to\/dist\/hs-go-to.min.js\"><\/script> <script src=\"\/themes\/front\/vendor\/hs-unfold\/dist\/hs-unfold.min.js\"><\/script> <script src=\"\/themes\/front\/vendor\/hs-mega-menu\/dist\/hs-mega-menu.min.js\"><\/script> <script src=\"\/themes\/front\/vendor\/slick-carousel\/slick\/slick.js\"><\/script> <script src=\"\/themes\/front\/vendor\/jquery-validation\/dist\/jquery.validate.min.js\"><\/script> <script src=\"\/themes\/front\/vendor\/aos\/dist\/aos.js\"><\/script>  <script src=\"\/themes\/front\/js\/hs.core.js\"><\/script> <script src=\"\/themes\/front\/js\/hs.slick-carousel.js\"><\/script> <script src=\"\/themes\/front\/js\/hs.validation.js\"><\/script> <script src=\"https:\/\/unpkg.com\/aos@2.3.1\/dist\/aos.js\"><\/script> <script> AOS.init(); <\/script>  <script> $(document).on(\"ready\", function () { var header = new HSHeader($(\"#header\")).init(); var megaMenu = new HSMegaMenu($(\".js-mega-menu\"), { desktop: { position: \"left\", }, }).init(); var unfold = new HSUnfold(\".js-hs-unfold-invoker\").init(); $(\".js-slick-carousel\").each(function () { var slickCarousel = $.HSCore.components.HSSlickCarousel.init($(this)); }); $(\".js-validate\").each(function () { var validation = $.HSCore.components.HSValidation.init($(this)); }); AOS.init({ duration: 650, once: true, }); $(\".js-go-to\").each(function () { var goTo = new HSGoTo($(this)).init(); }); }); <\/script><script src=\"https:\/\/firstacademy.s3.ap-south-1.amazonaws.com\/themes\/26\/file_hs-toggle-switch.min.js\"><\/script><script> $(document).ready(function(){ $('.js-toggle-switch').on('change',function() { if(this.checked) { $('.type').html('User <br> per Month'); $('.type_name').html('User '); $('#basic_price').html('30'); $('#essential_price').html('50'); $('#pro_price').html('85'); }else{ $('.type').html('Assessment'); $('.type_name').html('Assessment'); $('#basic_price').html('2'); $('#essential_price').html('8'); $('#pro_price').html('15'); } }); });<\/script><\/body><\/html>",
    "settings": "null",
    "admin": 0,
    "client_id": 14,
    "theme_id": 26,
    "agency_id": 1,
    "user_id": 53,
    "status": 1,
    "created_at": "2021-05-26T10:22:23.000000Z",
    "updated_at": "2021-06-12T18:13:31.000000Z"
}