{
    "id": 154,
    "name": "Terms",
    "slug": "page_page@terms",
    "html": "{{@header}}\r\n{{@hero}}\r\n<div class=\"container\">\r\n\r\n    <!-- Terms Content Section -->\r\n    <div class=\"container space-2 space-bottom-lg-3\">\r\n      <div class=\"row\">\r\n        <div id=\"stickyBlockStartPoint\" class=\"col-md-4 col-lg-3 mb-7 mb-md-0\">\r\n          <!-- Nav -->\r\n          <nav class=\"js-sticky-block card card-bordered\"\r\n               data-hs-sticky-block-options='{\r\n                 \"parentSelector\": \"#stickyBlockStartPoint\",\r\n                 \"targetSelector\": \"#logoAndNav\",\r\n                 \"breakpoint\": \"md\",\r\n                 \"startPoint\": \"#stickyBlockStartPoint\",\r\n                 \"endPoint\": \"#stickyBlockEndPoint\",\r\n                 \"stickyOffsetTop\": 24,\r\n                 \"stickyOffsetBottom\": 24\r\n               }'>\r\n            <div class=\"card-body\">\r\n              <ul class=\"js-scroll-nav nav nav-sm nav-x-0 flex-column\">\r\n                <li class=\"nav-item\">\r\n                  <a class=\"nav-link font-weight-bold mb-2\" href=\"#services\">1. Using our services<\/a>\r\n\r\n                  <ol class=\"navbar-nav\">\r\n                    <li class=\"nav-item\">\r\n                      <a class=\"nav-link mb-2\" href=\"#personal-data\">A. Personal Data that we collect about you<\/a>\r\n                    <\/li>\r\n                    <li class=\"nav-item\">\r\n                      <a class=\"nav-link mb-2\" href=\"#information\">B. Information that we collect automatically on our Sites<\/a>\r\n                    <\/li>\r\n                  <\/ol>\r\n                <\/li>\r\n                <li class=\"nav-item\">\r\n                  <a class=\"nav-link font-weight-bold mb-2\" href=\"#privacy\">2. Privacy and copyright protection<\/a>\r\n                <\/li>\r\n                <li class=\"nav-item\">\r\n                  <a class=\"nav-link font-weight-bold mb-2\" href=\"#yourContent\">3. Your content in our services<\/a>\r\n                <\/li>\r\n              <\/ul>\r\n            <\/div>\r\n          <\/nav>\r\n          <!-- End Nav -->\r\n        <\/div>\r\n\r\n        <div class=\"col-md-8 col-lg-9\">\r\n          <div id=\"intro\" class=\"space-bottom-1\">\r\n            <!-- Title -->\r\n            <div class=\"mb-3\">\r\n              <h2 class=\"h3\">Welcome to Piofx<\/h2>\r\n            <\/div>\r\n            <!-- End Title -->\r\n\r\n            <p>Thanks for using our products and services (\"Services\"). The Services are provided by Piofx Media Pvt Ltd. (\"Piofx\"), located at Madhapur, Hyderabad.\r\n            <p>By using our Services, you are agreeing to these terms. Please read them carefully.<\/p>\r\n            <p>Our Services are very diverse, so sometimes additional terms or product requirements (including age requirements) may apply. Additional terms will be available with the relevant Services, and those additional terms become part of your agreement with us if you use those Services.<\/p>\r\n          <\/div>\r\n\r\n          <div id=\"services\" class=\"space-bottom-1\">\r\n            <!-- Title -->\r\n            <div class=\"mb-3\">\r\n              <h3>1. Using our services<\/h3>\r\n            <\/div>\r\n            <!-- End Title -->\r\n\r\n            <p>You must follow any policies made available to you within the Services.<\/p>\r\n            <p>Don't misuse our Services. For example, don't interfere with our Services or try to access them using a method other than the interface and the instructions that we provide. You may use our Services only as permitted by law, including applicable export and re-export control laws and regulations. We may suspend or stop providing our Services to you if you do not comply with our terms or policies or if we are investigating suspected misconduct.<\/p>\r\n            <p>Using our Services does not give you ownership of any intellectual property rights in our Services or the content you access. You may not use content from our Services unless you obtain permission from its owner or are otherwise permitted by law. These terms do not grant you the right to use any branding or logos used in our Services. Don't remove, obscure, or alter any legal notices displayed in or along with our Services.<\/p>\r\n\r\n            <!-- Title -->\r\n            <div id=\"personal-data\" class=\"mb-3\">\r\n              <h4>A. Personal Data that we collect about you.<\/h4>\r\n            <\/div>\r\n            <!-- End Title -->\r\n\r\n            <p>Personal Data is any information that relates to an identified or identifiable individual. The Personal Data that you provide directly to us through our Sites will be apparent from the context in which you provide the data. In particular:<\/p>\r\n\r\n            <ul>\r\n              <li class=\"pb-2\">When you register for a Piofx account we collect your full name, email address, and account log-in credentials.<\/li>\r\n              <li class=\"pb-2\">When you fill-in our online form to contact our sales team, we collect your full name, work email, country, and anything else you tell us about your project, needs and timeline.<\/li>\r\n              <li class=\"pb-2\">When you use the \"Remember Me\" feature of Piofx Checkout, we collect your email address, payment card number, CVC code and expiration date.<\/li>\r\n            <\/ul>\r\n\r\n            <p>When you respond to Piofx emails or surveys we collect your email address, name and any other information you choose to include in the body of your email or responses. If you contact us by phone, we will collect the phone number you use to call Piofx. If you contact us by phone as a Piofx User, we may collect additional information in order to verify your identity.<\/p>\r\n\r\n            <!-- Title -->\r\n            <div id=\"information\" class=\"mb-3\">\r\n              <h4>B. Information that we collect automatically on our Sites.<\/h4>\r\n            <\/div>\r\n            <!-- End Title -->\r\n\r\n            <p>We also may collect information about your online activities on websites and connected devices over time and across third-party websites, devices, apps and other online features and services. We use Google Analytics on our Sites to help us analyze Your use of our Sites and diagnose technical issues.<\/p>\r\n\r\n            <p>To learn more about the cookies that may be served through our Sites and how You can control our use of cookies and third-party analytics, please see our Cookie Policy.<\/p>\r\n          <\/div>\r\n\r\n          <div id=\"privacy\" class=\"space-bottom-1\">\r\n            <!-- Title -->\r\n            <div class=\"mb-3\">\r\n              <h3>2. Privacy and copyright protection<\/h3>\r\n            <\/div>\r\n            <!-- End Title -->\r\n\r\n            <p>Piofx's privacy policies explain how we treat your personal data and protect your privacy when you use our Services. By using our Services, you agree that Piofx can use such data in accordance with our privacy policies.<\/p>\r\n            <p>We respond to notices of alleged copyright infringement and terminate accounts of repeat infringers according to the process set out in the U.S. Digital Millennium Copyright Act.<\/p>\r\n            <p>We provide information to help copyright holders manage their intellectual property online. If you think somebody is violating your copyrights and want to notify us then reach out at <a href=\"\/contact\">our contact page<\/a>.<\/p>\r\n          <\/div>\r\n\r\n          <div id=\"yourContent\">\r\n            <!-- Title -->\r\n            <div class=\"mb-3\">\r\n              <h3>3. Your content in our services<\/h3>\r\n            <\/div>\r\n            <!-- End Title -->\r\n\r\n            <p>Some of our Services allow you to upload, submit, store, send or receive content. You retain ownership of any intellectual property rights that you hold in that content. In short, what belongs to you stays yours.<\/p>\r\n            <p>When you upload, submit, store, send or receive content to or through our Services, you give Piofx (and those we work with) a worldwide license to use, host, store, reproduce, modify, create derivative works (such as those resulting from translations, adaptations or other changes we make so that your content works better with our Services), communicate, publish, publicly perform, publicly display and distribute such content. The rights you grant in this license are for the limited purpose of operating, promoting, and improving our Services, and to develop new ones. This license continues even if you stop using our Services (for example, for a business listing you have added to Piofx Maps). Some Services may offer you ways to access and remove content that has been provided to that Service. Also, in some of our Services, there are terms or settings that narrow the scope of our use of the content submitted in those Services. Make sure you have the necessary rights to grant us this license for any content that you submit to our Services.<\/p>\r\n          <\/div>\r\n\r\n          <!-- Sticky Block End Point -->\r\n          <div id=\"stickyBlockEndPoint\"><\/div>\r\n        <\/div>\r\n      <\/div>\r\n    <\/div>\r\n    <!-- End Terms Content Section -->\r\n<\/div>\r\n{{@footer}}",
    "html_minified": "<!DOCTYPE html><html lang=\"en\"><head><meta http-equiv=\"Content-Type\" content=\"text\/html; charset=UTF-8\">  <title>Terms of Service<\/title>  <meta name=\"description\" content=\"The best assessments platform for schools, colleges and universities\" \/> <meta name=\"viewport\" content=\"width=device-width, initial-scale=1, shrink-to-fit=no\">  <link rel=\"shortcut icon\" href=\"https:\/\/i.imgur.com\/UaMeYDb.png\" \/>   <link rel=\"stylesheet\" href=\"https:\/\/firstacademy.s3.ap-south-1.amazonaws.com\/themes\/26\/file_front_all.css\"> <link rel=\"stylesheet\" href=\"https:\/\/firstacademy.s3.ap-south-1.amazonaws.com\/themes\/26\/file_mystyle.css\"> <link rel=\"stylesheet\" href=\"\/themes\/front\/vendor\/aos\/dist\/aos.css\" \/>  <link rel=\"stylesheet\" href=\"\/themes\/front\/css\/theme.css\" \/> <link rel=\"stylesheet\" href=\"https:\/\/cdnjs.cloudflare.com\/ajax\/libs\/font-awesome\/5.15.3\/css\/all.min.css\" \/><\/head><body data-new-gr-c-s-check-loaded=\"14.1010.0\" data-gr-ext-installed=\"\"><header id=\"header\" class=\"header nav-shadow position-fixed\" style=\"\"> <div id=\"logoAndNav\" class=\"container\">  <nav class=\"js-mega-menu navbar navbar-expand-lg d-flex justify-content-between my-0\">  <a href=\"\/\" class=\"d-block d-lg-none\" aria-label=\"Front\"> <img class=\"img-fluid\" src=\"https:\/\/firstacademy.s3.ap-south-1.amazonaws.com\/themes\/26\/file_piofx.png\" width=\"120\" alt=\"Logo\"> <\/a> <a href=\"\/\" class=\"d-none d-lg-block\" aria-label=\"Front\"> <img class=\"img-fluid\" src=\"https:\/\/firstacademy.s3.ap-south-1.amazonaws.com\/themes\/26\/file_piofx.png\" width=\"120\" alt=\"Logo\"> <\/a>  <div> <a class=\"signup_btn ml-3 d-lg-none\" href=\"\/contact\">Talk to us<\/a>  <button type=\"button\" class=\"navbar-toggler btn btn-icon btn-ghost\" aria-label=\"Toggle navigation\" aria-expanded=\"false\" aria-controls=\"navBar\" data-toggle=\"collapse\" data-target=\"#navBar\"> <span class=\"navbar-toggler-default\"> <svg width=\"14\" height=\"14\" viewBox=\"0 0 18 18\" xmlns=\"http:\/\/www.w3.org\/2000\/svg\"> <path fill=\"currentColor\" d=\"M17.4,6.2H0.6C0.3,6.2,0,5.9,0,5.5V4.1c0-0.4,0.3-0.7,0.6-0.7h16.9c0.3,0,0.6,0.3,0.6,0.7v1.4C18,5.9,17.7,6.2,17.4,6.2z M17.4,14.1H0.6c-0.3,0-0.6-0.3-0.6-0.7V12c0-0.4,0.3-0.7,0.6-0.7h16.9c0.3,0,0.6,0.3,0.6,0.7v1.4C18,13.7,17.7,14.1,17.4,14.1z\" \/> <\/svg> <\/span> <span class=\"navbar-toggler-toggled\"> <svg width=\"14\" height=\"14\" viewBox=\"0 0 18 18\" xmlns=\"http:\/\/www.w3.org\/2000\/svg\"> <path fill=\"currentColor\" d=\"M11.5,9.5l5-5c0.2-0.2,0.2-0.6-0.1-0.9l-1-1c-0.3-0.3-0.7-0.3-0.9-0.1l-5,5l-5-5C4.3,2.3,3.9,2.4,3.6,2.6l-1,1 C2.4,3.9,2.3,4.3,2.5,4.5l5,5l-5,5c-0.2,0.2-0.2,0.6,0.1,0.9l1,1c0.3,0.3,0.7,0.3,0.9,0.1l5-5l5,5c0.2,0.2,0.6,0.2,0.9-0.1l1-1 c0.3-0.3,0.3-0.7,0.1-0.9L11.5,9.5z\" \/> <\/svg> <\/span> <\/button>  <\/div>  <div id=\"navBar\" class=\"collapse navbar-collapse navbar-light\"> <ul class=\"navbar-nav\"> <li class=\"navbar-nav-item mr-2\"> <a href=\"https:\/\/piofx.com\/\" class=\"nav-link\">Home<\/a> <\/li>  <li class=\"hs-has-sub-menu navbar-nav-item\"> <a id=\"blogMegaMenu\" class=\"hs-mega-menu-invoker nav-link nav-link-toggle\" href=\"javascript:;\" aria-haspopup=\"true\" aria-expanded=\"false\" aria-labelledby=\"blogSubMenu\">Solutions<\/a>  <div id=\"blogSubMenu\" class=\"hs-sub-menu dropdown-menu\" aria-labelledby=\"blogMegaMenu\" style=\"min-width: 230px;\"> <a class=\"dropdown-item h3 mb-0\" href=\"\/school-exams\">School Exams<\/a> <a class=\"dropdown-item\" href=\"\/univeristy-exams\">University Exams<\/a> <a class=\"dropdown-item\" href=\"\/entrance-exams\">Entrance Exams<\/a> <\/div>  <\/li>    <li class=\"hs-has-sub-menu navbar-nav-item\"> <a id=\"blogMegaMenu\" class=\"hs-mega-menu-invoker nav-link nav-link-toggle\" href=\"javascript:;\" aria-haspopup=\"true\" aria-expanded=\"false\" aria-labelledby=\"blogSubMenu\">Success Stories<\/a>  <div id=\"blogSubMenu\" class=\"hs-sub-menu dropdown-menu\" aria-labelledby=\"blogMegaMenu\" style=\"min-width: 230px;\"> <a class=\"dropdown-item\" href=\"\/success-story\/language-exam\">Language Exams for an Institute<\/a> <a class=\"dropdown-item\" href=\"\/success-story\/lms\">LMS for a Coaching Center<\/a> <a class=\"dropdown-item\" href=\"\/success-story\/final-semester-exam\">Final semeter exams for Univsersity<\/a> <a class=\"dropdown-item\" href=\"\/success-story\/term-exam\">Term exams for a School<\/a> <\/div>  <\/li>   <li class=\"navbar-nav-item mr-2\"> <a class=\"nav-link\" href=\"https:\/\/piofx.com\/features\">Features<\/a> <\/li>   <li class=\"navbar-nav-item mr-2\"> <a class=\"nav-link\" href=\"https:\/\/piofx.com\/pricing\">Pricing<\/a> <\/li>   <li class=\"navbar-nav-item ml-lg-3 mt-3 mt-lg-0 d-none d-lg-block\"> <a class=\"signup_btn\" href=\"https:\/\/piofx.com\/contact\">Talk to us<\/a> <\/li>  <\/ul> <\/div>  <\/nav>  <\/div> <\/div><\/header> <div class=\"bg-soft-danger bg-img-hero\" style=\"\"> <div class=\"container space-2 space-top-3 mb-5\"> <div class=\"w-lg-65 text-center mx-lg-auto\"> <span class=\"badge badge-success badge-pill font-size-1 py-3 px-4 mb-3\">Assessments for all<\/span> <h1 class=\"text-danger mb-0\">Terms of Service<\/h1> <\/div> <\/div><\/div><div class=\"container\">  <div class=\"container space-2 space-bottom-lg-3\"> <div class=\"row\"> <div id=\"stickyBlockStartPoint\" class=\"col-md-4 col-lg-3 mb-7 mb-md-0\">  <nav class=\"js-sticky-block card card-bordered\" data-hs-sticky-block-options='{ \"parentSelector\": \"#stickyBlockStartPoint\", \"targetSelector\": \"#logoAndNav\", \"breakpoint\": \"md\", \"startPoint\": \"#stickyBlockStartPoint\", \"endPoint\": \"#stickyBlockEndPoint\", \"stickyOffsetTop\": 24, \"stickyOffsetBottom\": 24 }'> <div class=\"card-body\"> <ul class=\"js-scroll-nav nav nav-sm nav-x-0 flex-column\"> <li class=\"nav-item\"> <a class=\"nav-link font-weight-bold mb-2\" href=\"#services\">1. Using our services<\/a> <ol class=\"navbar-nav\"> <li class=\"nav-item\"> <a class=\"nav-link mb-2\" href=\"#personal-data\">A. Personal Data that we collect about you<\/a> <\/li> <li class=\"nav-item\"> <a class=\"nav-link mb-2\" href=\"#information\">B. Information that we collect automatically on our Sites<\/a> <\/li> <\/ol> <\/li> <li class=\"nav-item\"> <a class=\"nav-link font-weight-bold mb-2\" href=\"#privacy\">2. Privacy and copyright protection<\/a> <\/li> <li class=\"nav-item\"> <a class=\"nav-link font-weight-bold mb-2\" href=\"#yourContent\">3. Your content in our services<\/a> <\/li> <\/ul> <\/div> <\/nav>  <\/div> <div class=\"col-md-8 col-lg-9\"> <div id=\"intro\" class=\"space-bottom-1\">  <div class=\"mb-3\"> <h2 class=\"h3\">Welcome to Piofx<\/h2> <\/div>  <p>Thanks for using our products and services (\"Services\"). The Services are provided by Piofx Media Pvt Ltd. (\"Piofx\"), located at Madhapur, Hyderabad. <p>By using our Services, you are agreeing to these terms. Please read them carefully.<\/p> <p>Our Services are very diverse, so sometimes additional terms or product requirements (including age requirements) may apply. Additional terms will be available with the relevant Services, and those additional terms become part of your agreement with us if you use those Services.<\/p> <\/div> <div id=\"services\" class=\"space-bottom-1\">  <div class=\"mb-3\"> <h3>1. Using our services<\/h3> <\/div>  <p>You must follow any policies made available to you within the Services.<\/p> <p>Don't misuse our Services. For example, don't interfere with our Services or try to access them using a method other than the interface and the instructions that we provide. You may use our Services only as permitted by law, including applicable export and re-export control laws and regulations. We may suspend or stop providing our Services to you if you do not comply with our terms or policies or if we are investigating suspected misconduct.<\/p> <p>Using our Services does not give you ownership of any intellectual property rights in our Services or the content you access. You may not use content from our Services unless you obtain permission from its owner or are otherwise permitted by law. These terms do not grant you the right to use any branding or logos used in our Services. Don't remove, obscure, or alter any legal notices displayed in or along with our Services.<\/p>  <div id=\"personal-data\" class=\"mb-3\"> <h4>A. Personal Data that we collect about you.<\/h4> <\/div>  <p>Personal Data is any information that relates to an identified or identifiable individual. The Personal Data that you provide directly to us through our Sites will be apparent from the context in which you provide the data. In particular:<\/p> <ul> <li class=\"pb-2\">When you register for a Piofx account we collect your full name, email address, and account log-in credentials.<\/li> <li class=\"pb-2\">When you fill-in our online form to contact our sales team, we collect your full name, work email, country, and anything else you tell us about your project, needs and timeline.<\/li> <li class=\"pb-2\">When you use the \"Remember Me\" feature of Piofx Checkout, we collect your email address, payment card number, CVC code and expiration date.<\/li> <\/ul> <p>When you respond to Piofx emails or surveys we collect your email address, name and any other information you choose to include in the body of your email or responses. If you contact us by phone, we will collect the phone number you use to call Piofx. If you contact us by phone as a Piofx User, we may collect additional information in order to verify your identity.<\/p>  <div id=\"information\" class=\"mb-3\"> <h4>B. Information that we collect automatically on our Sites.<\/h4> <\/div>  <p>We also may collect information about your online activities on websites and connected devices over time and across third-party websites, devices, apps and other online features and services. We use Google Analytics on our Sites to help us analyze Your use of our Sites and diagnose technical issues.<\/p> <p>To learn more about the cookies that may be served through our Sites and how You can control our use of cookies and third-party analytics, please see our Cookie Policy.<\/p> <\/div> <div id=\"privacy\" class=\"space-bottom-1\">  <div class=\"mb-3\"> <h3>2. Privacy and copyright protection<\/h3> <\/div>  <p>Piofx's privacy policies explain how we treat your personal data and protect your privacy when you use our Services. By using our Services, you agree that Piofx can use such data in accordance with our privacy policies.<\/p> <p>We respond to notices of alleged copyright infringement and terminate accounts of repeat infringers according to the process set out in the U.S. Digital Millennium Copyright Act.<\/p> <p>We provide information to help copyright holders manage their intellectual property online. If you think somebody is violating your copyrights and want to notify us then reach out at <a href=\"\/contact\">our contact page<\/a>.<\/p> <\/div> <div id=\"yourContent\">  <div class=\"mb-3\"> <h3>3. Your content in our services<\/h3> <\/div>  <p>Some of our Services allow you to upload, submit, store, send or receive content. You retain ownership of any intellectual property rights that you hold in that content. In short, what belongs to you stays yours.<\/p> <p>When you upload, submit, store, send or receive content to or through our Services, you give Piofx (and those we work with) a worldwide license to use, host, store, reproduce, modify, create derivative works (such as those resulting from translations, adaptations or other changes we make so that your content works better with our Services), communicate, publish, publicly perform, publicly display and distribute such content. The rights you grant in this license are for the limited purpose of operating, promoting, and improving our Services, and to develop new ones. This license continues even if you stop using our Services (for example, for a business listing you have added to Piofx Maps). Some Services may offer you ways to access and remove content that has been provided to that Service. Also, in some of our Services, there are terms or settings that narrow the scope of our use of the content submitted in those Services. Make sure you have the necessary rights to grant us this license for any content that you submit to our Services.<\/p> <\/div>  <div id=\"stickyBlockEndPoint\"><\/div> <\/div> <\/div> <\/div> <\/div><footer class=\"footer-color text-white\">  <div class=\"container\"> <div class=\"space-2\"> <div class=\"row justify-content-md-between\"> <div class=\"col-lg-4 mb-4 mb-lg-0\"> <a class=\"d-inline-flex mb-4\" href=\"#\" aria-label=\"Front\"> <img class=\"brand\" src=\"https:\/\/firstacademy.s3.ap-south-1.amazonaws.com\/themes\/26\/file_piofx-white.png\" alt=\"Logo\"> <\/a> <p class=\"darkgreen\"><b class=\"lightgreen\">PiofX Media Private Limited<\/b><br> 2nd floor, Oyster Uptown Building, Beside Durgam Cheruvu Metro Station \ud83d\ude87,<br> Madhapur, Hyderabad, Telangana - 500081.<\/p> <div style=\"color:#7ba4ab\"> <span class=\"fas fa-phone-alt mt-1 mr-2\" ><\/span> <span style=\"color:#bde2e8\">+91 9515125110<\/span> <\/div> <span style=\"color:#7ba4ab\"> <span class=\"fas fa fa-envelope mt-1 mr-2 \" style=\"color:#7ba4ab\"><\/span> <span style=\"color:#bde2e8\"> nt@piofx.com<\/span> <\/span> <\/div> <div class=\"col-6 col-sm-4 col-lg-2 mb-4 mb-lg-0\"> <h5 class=\"text-white\">Company<\/h5>  <ul class=\"nav nav-sm nav-x-0 flex-column\" > <li class=\"nav-item mb-2\"><a class=\"lightgreen\" href=\"\/about\">About<\/a><\/li> <li class=\"nav-item mb-2\"><a class=\" lightgreen\" href=\"\/about#team\">Team<\/a><\/li> <li class=\"nav-item mb-2\"><a class=\"lightgreen\" href=\"\/about#testimonials\">Testimonials<\/a><\/li> <li class=\"nav-item mb-2\"><a class=\"lightgreen\" href=\"\/blog\">Blog<\/a><\/li> <li class=\"nav-item mb-2\"><a class=\"lightgreen\" href=\"\/contact\">Contact<\/a><\/li> <\/ul>  <\/div> <div class=\"col-6 col-sm-4 col-lg-2 mb-4 mb-lg-0\"> <h5 class=\"text-white\">Product<\/h5>  <ul class=\"nav nav-sm nav-x-0 flex-column\" > <li class=\"nav-item mb-2\"><a class=\"lightgreen\" href=\"\/features\">Features<\/a><\/li> <li class=\"nav-item mb-2\"><a class=\" lightgreen\" href=\"\/demo\">Demo Account<\/a><\/li> <li class=\"nav-item mb-2\"><a class=\"lightgreen\" href=\"\/pricing\">Pricing<\/a><\/li> <li class=\"nav-item mb-2\"><a class=\"lightgreen\" href=\"\/compare-plans\">Compare Plans<\/a><\/li> <\/ul>  <\/div> <div class=\"col-6 col-sm-4 col-lg-2 mb-4 mb-lg-0\"> <h5 class=\"text-white\">Assessments<\/h5>  <ul class=\"nav nav-sm nav-x-0 flex-column\"> <li class=\"nav-item mb-2\"><a class=\"lightgreen\" href=\"\/objective-test\">Objective Tests<\/a><\/li> <li class=\"nav-item mb-2\"><a class=\" lightgreen\" href=\"\/descriptive-test\">Descriptive Tests<\/a><\/li> <li class=\"nav-item mb-2\"><a class=\"lightgreen\" href=\"\/video-test\">Video Tests<\/a><\/li> <li class=\"nav-item mb-2\"><a class=\"lightgreen\" href=\"\/coding-test\">Coding Tests<\/a><\/li> <li class=\"nav-item mb-2\"><a class=\"lightgreen\" href=\"\/typing-test\">Typing Tests<\/a><\/li> <\/ul>  <\/div> <div class=\"col-6 col-sm-4 col-lg-2\"> <h5 class=\"text-white\">Resources<\/h5>  <ul class=\"nav nav-sm nav-x-0 flex-column\"> <li class=\"nav-item mb-2\"><a class=\"lightgreen\" href=\"\/page\/faq\">FAQ<\/a><\/li> <li class=\"nav-item mb-2\"><a class=\"lightgreen\" href=\"\/page\/security\">Security<\/a><\/li> <li class=\"nav-item mb-2\"><a class=\"lightgreen\" href=\"\/page\/privacy\">Privacy<\/a><\/li> <li class=\"nav-item mb-2\"><a class=\"lightgreen\" href=\"\/page\/terms\">Terms<\/a><\/li> <\/ul>  <\/div> <\/div> <\/div> <\/div> <\/footer> <footer class=\"footer-color\" id=\"contact\"> <div class=\"container\"> <div class=\"py-3\">  <div class=\"w-md-75 text-lg-center mx-lg-auto\"> <p class=\"text-white opacity-sm small\">\u00a9 Piofx Media. 2021 All rights reserved.<\/p> <p class=\"text-white opacity-sm small\">When you visit or interact with our sites, services or tools, we or our authorised service providers may use cookies for storing information to help provide you with a better, faster and safer experience and for marketing purposes.<\/p> <\/div>  <\/div> <\/div> <\/footer>  <script src=\"\/themes\/front\/vendor\/jquery\/dist\/jquery.min.js\"><\/script> <script src=\"\/themes\/front\/vendor\/jquery-migrate\/dist\/jquery-migrate.min.js\"><\/script> <script src=\"\/themes\/front\/vendor\/bootstrap\/dist\/js\/bootstrap.bundle.min.js\"><\/script>  <script src=\"\/themes\/front\/vendor\/hs-header\/dist\/hs-header.min.js\"><\/script> <script src=\"\/themes\/front\/vendor\/hs-go-to\/dist\/hs-go-to.min.js\"><\/script> <script src=\"\/themes\/front\/vendor\/hs-unfold\/dist\/hs-unfold.min.js\"><\/script> <script src=\"\/themes\/front\/vendor\/hs-mega-menu\/dist\/hs-mega-menu.min.js\"><\/script> <script src=\"\/themes\/front\/vendor\/slick-carousel\/slick\/slick.js\"><\/script> <script src=\"\/themes\/front\/vendor\/jquery-validation\/dist\/jquery.validate.min.js\"><\/script> <script src=\"\/themes\/front\/vendor\/aos\/dist\/aos.js\"><\/script>  <script src=\"\/themes\/front\/js\/hs.core.js\"><\/script> <script src=\"\/themes\/front\/js\/hs.slick-carousel.js\"><\/script> <script src=\"\/themes\/front\/js\/hs.validation.js\"><\/script> <script src=\"https:\/\/unpkg.com\/aos@2.3.1\/dist\/aos.js\"><\/script> <script> AOS.init(); <\/script>  <script> $(document).on(\"ready\", function () { var header = new HSHeader($(\"#header\")).init(); var megaMenu = new HSMegaMenu($(\".js-mega-menu\"), { desktop: { position: \"left\", }, }).init(); var unfold = new HSUnfold(\".js-hs-unfold-invoker\").init(); $(\".js-slick-carousel\").each(function () { var slickCarousel = $.HSCore.components.HSSlickCarousel.init($(this)); }); $(\".js-validate\").each(function () { var validation = $.HSCore.components.HSValidation.init($(this)); }); AOS.init({ duration: 650, once: true, }); $(\".js-go-to\").each(function () { var goTo = new HSGoTo($(this)).init(); }); }); <\/script><script src=\"https:\/\/firstacademy.s3.ap-south-1.amazonaws.com\/themes\/26\/file_hs-toggle-switch.min.js\"><\/script><script> $(document).ready(function(){ $('.js-toggle-switch').on('change',function() { if(this.checked) { $('.type').html('User <br> per Month'); $('.type_name').html('User '); $('#basic_price').html('30'); $('#essential_price').html('50'); $('#pro_price').html('85'); }else{ $('.type').html('Assessment'); $('.type_name').html('Assessment'); $('#basic_price').html('2'); $('#essential_price').html('8'); $('#pro_price').html('15'); } }); });<\/script><\/body><\/html>",
    "settings": "{\"title\":\"Terms of Service\"}",
    "admin": 0,
    "client_id": 14,
    "theme_id": 26,
    "agency_id": 1,
    "user_id": 53,
    "status": 1,
    "created_at": "2021-06-11T17:02:07.000000Z",
    "updated_at": "2021-06-12T13:20:37.000000Z"
}