{
    "id": 71,
    "name": "hero2",
    "slug": "hero2",
    "html": "<!-- Hero Section -->\r\n<div class=\"bg-primary bg-img-hero\" style=\"background-image: url({{&abstract-shapes-5.svg}});\">\r\n  <div class=\"container space-2 space-lg-3\">\r\n    <div class=\"w-lg-65 text-center mx-lg-auto\">\r\n      <span class=\"badge badge-soft-light badge-pill font-size-1 py-3 px-4 mb-3\">Customer success story<\/span>\r\n      <h1 class=\"text-white mb-0\">{{$title}}<\/h1>\r\n    <\/div>\r\n  <\/div>\r\n<\/div>\r\n<!-- End Hero Section -->",
    "html_minified": "<div class=\"bg-primary bg-img-hero\" style=\"background-image: url(https:\/\/firstacademy.s3.ap-south-1.amazonaws.com\/themes\/26\/file_abstract-shapes-5.svg);\"> <div class=\"container space-2 space-lg-3\"> <div class=\"w-lg-65 text-center mx-lg-auto\"> <span class=\"badge badge-soft-light badge-pill font-size-1 py-3 px-4 mb-3\">Customer success story<\/span> <h1 class=\"text-white mb-0\"><\/h1> <\/div> <\/div><\/div>",
    "settings": "null",
    "admin": 0,
    "client_id": 14,
    "agency_id": 1,
    "theme_id": 26,
    "user_id": 53,
    "status": 1,
    "created_at": "2021-06-11T17:34:54.000000Z",
    "updated_at": "2021-06-12T15:38:15.000000Z"
}