{
    "id": 159,
    "name": "Final Semester Exams",
    "slug": "success-story@final-semester-exam",
    "html": "{{@header}}\r\n{{@hero2}}\r\n<div class=\"container\">\r\n<div class=\"py-4 pt-8\">\r\n            <h2 class=\"h3\">#One It's difficult to imagine life pre-Internet, before the web so closely threaded together individuals around the world.<\/h2>\r\n            <p>It takes work to stand out from the pack\u2014work that Amazon is proud to make much easier. Founded in 2003, the company provides people with the tools and templates to build, host, and promote their online brand. Even Amazon is built on Amazon.<\/p>\r\n\r\n            <p>\"The key thing we try to do every day is give people a place on the Internet to call home, to say, 'This is a place I manage, and this is how I want to present myself online to my customers,' or to anyone else they want to touch,\"\" explained Vice President of Customer Operations Raphael Front.\r\n\r\n            <p>Naturally, Amazon wants its customers to feel at ease in their digital home and works hard behind the scenes to create a customer experience that is easy and intuitive, turning even the least Internet-savvy among us into designers of beautiful spaces. To cultivate a support atmosphere that's inviting, Amazon's customer service team has implemented a full suite of integrated support channels through Front Support, Guide, Chat, and Talk.<\/p>\r\n\r\n            <div class=\"pt-4 pt-sm-7 pb-5 pb-sm-9\">\r\n              <img class=\"img-fluid rounded-lg w-100\" src=\"{{ &img13.jpeg }}\" alt=\"Image Description\">\r\n            <\/div>\r\n\r\n            <p>Before switching to Front in 2015, Amazon used a few different platforms for support, but felt they needed a single omnichannel solution to provide a more fluid customer experience and to keep pace with the company's growth. Front' Customer Operations organization, comprised of 340 people in leadership, operations, product solutions, content and community, and quality assurance, also needed a more efficient way to manage email and help articles.<\/p>\r\n\r\n            <p>\"I don't think there was even anyone else that we considered,\" he said. \"Front was like a no brainer\u2014instead, we spent our time thinking through our support configuration.\"<\/p>\r\n\r\n            <p>Amazon's overall strategy focuses on three areas, Front explained, noting that what the team offers is, in fact, another Amazon product. \"It's not just that we have a help center or live chat,\" he said, \"but that we're offering coaching and mentorship and helping our customers to become brand advocates. We're here to help our customers succeed online, and that's something we hear back from our customers. They just love our support channels.\"<\/p>\r\n\r\n            <div class=\"pt-4 pt-sm-7 pb-5 pb-sm-9\">\r\n              <img class=\"img-fluid rounded-lg w-100\" src=\"{{ &img12.jpeg }}\" alt=\"Image Description\">\r\n            <\/div>\r\n\r\n            <p>That effort shows, as the team has created 900 help center articles and claims a 95 percent success rate through its investment in self-service, meaning that help center visitors are served without needing to switch to an assisted channel. The number of tickets not created, as a result, is significant, especially considering that Amazon's help center has bypassed 15.5 million visits and now averages two million visits each month. Front quantified a 27 percent increase in knowledge usage and noted that headcount on the Customer Operations team has remained relatively stable since the end of 2015 through mid-2018.<\/p>\r\n          <\/div>\r\n<\/div>\r\n{{@footer}}",
    "html_minified": "<!DOCTYPE html><html lang=\"en\"><head><meta http-equiv=\"Content-Type\" content=\"text\/html; charset=UTF-8\">  <title>Final Semester Exams<\/title>  <meta name=\"description\" content=\"The best assessments platform for schools, colleges and universities\" \/> <meta name=\"viewport\" content=\"width=device-width, initial-scale=1, shrink-to-fit=no\">  <link rel=\"shortcut icon\" href=\"https:\/\/i.imgur.com\/UaMeYDb.png\" \/>   <link rel=\"stylesheet\" href=\"https:\/\/firstacademy.s3.ap-south-1.amazonaws.com\/themes\/26\/file_front_all.css\"> <link rel=\"stylesheet\" href=\"https:\/\/firstacademy.s3.ap-south-1.amazonaws.com\/themes\/26\/file_mystyle.css\"> <link rel=\"stylesheet\" href=\"\/themes\/front\/vendor\/aos\/dist\/aos.css\" \/>  <link rel=\"stylesheet\" href=\"\/themes\/front\/css\/theme.css\" \/> <link rel=\"stylesheet\" href=\"https:\/\/cdnjs.cloudflare.com\/ajax\/libs\/font-awesome\/5.15.3\/css\/all.min.css\" \/><\/head><body data-new-gr-c-s-check-loaded=\"14.1010.0\" data-gr-ext-installed=\"\"><header id=\"header\" class=\"header nav-shadow position-fixed\" style=\"\"> <div id=\"logoAndNav\" class=\"container\">  <nav class=\"js-mega-menu navbar navbar-expand-lg d-flex justify-content-between my-0\">  <a href=\"\/\" class=\"d-block d-lg-none\" aria-label=\"Front\"> <img class=\"img-fluid\" src=\"https:\/\/firstacademy.s3.ap-south-1.amazonaws.com\/themes\/26\/file_piofx.png\" width=\"120\" alt=\"Logo\"> <\/a> <a href=\"\/\" class=\"d-none d-lg-block\" aria-label=\"Front\"> <img class=\"img-fluid\" src=\"https:\/\/firstacademy.s3.ap-south-1.amazonaws.com\/themes\/26\/file_piofx.png\" width=\"120\" alt=\"Logo\"> <\/a>  <div> <a class=\"signup_btn ml-3 d-lg-none\" href=\"\/contact\">Talk to us<\/a>  <button type=\"button\" class=\"navbar-toggler btn btn-icon btn-ghost\" aria-label=\"Toggle navigation\" aria-expanded=\"false\" aria-controls=\"navBar\" data-toggle=\"collapse\" data-target=\"#navBar\"> <span class=\"navbar-toggler-default\"> <svg width=\"14\" height=\"14\" viewBox=\"0 0 18 18\" xmlns=\"http:\/\/www.w3.org\/2000\/svg\"> <path fill=\"currentColor\" d=\"M17.4,6.2H0.6C0.3,6.2,0,5.9,0,5.5V4.1c0-0.4,0.3-0.7,0.6-0.7h16.9c0.3,0,0.6,0.3,0.6,0.7v1.4C18,5.9,17.7,6.2,17.4,6.2z M17.4,14.1H0.6c-0.3,0-0.6-0.3-0.6-0.7V12c0-0.4,0.3-0.7,0.6-0.7h16.9c0.3,0,0.6,0.3,0.6,0.7v1.4C18,13.7,17.7,14.1,17.4,14.1z\" \/> <\/svg> <\/span> <span class=\"navbar-toggler-toggled\"> <svg width=\"14\" height=\"14\" viewBox=\"0 0 18 18\" xmlns=\"http:\/\/www.w3.org\/2000\/svg\"> <path fill=\"currentColor\" d=\"M11.5,9.5l5-5c0.2-0.2,0.2-0.6-0.1-0.9l-1-1c-0.3-0.3-0.7-0.3-0.9-0.1l-5,5l-5-5C4.3,2.3,3.9,2.4,3.6,2.6l-1,1 C2.4,3.9,2.3,4.3,2.5,4.5l5,5l-5,5c-0.2,0.2-0.2,0.6,0.1,0.9l1,1c0.3,0.3,0.7,0.3,0.9,0.1l5-5l5,5c0.2,0.2,0.6,0.2,0.9-0.1l1-1 c0.3-0.3,0.3-0.7,0.1-0.9L11.5,9.5z\" \/> <\/svg> <\/span> <\/button>  <\/div>  <div id=\"navBar\" class=\"collapse navbar-collapse navbar-light\"> <ul class=\"navbar-nav\"> <li class=\"navbar-nav-item mr-2\"> <a href=\"https:\/\/piofx.com\/\" class=\"nav-link\">Home<\/a> <\/li>  <li class=\"hs-has-sub-menu navbar-nav-item\"> <a id=\"blogMegaMenu\" class=\"hs-mega-menu-invoker nav-link nav-link-toggle\" href=\"javascript:;\" aria-haspopup=\"true\" aria-expanded=\"false\" aria-labelledby=\"blogSubMenu\">Solutions<\/a>  <div id=\"blogSubMenu\" class=\"hs-sub-menu dropdown-menu\" aria-labelledby=\"blogMegaMenu\" style=\"min-width: 230px;\"> <a class=\"dropdown-item h3 mb-0\" href=\"\/school-exams\">School Exams<\/a> <a class=\"dropdown-item\" href=\"\/univeristy-exams\">University Exams<\/a> <a class=\"dropdown-item\" href=\"\/entrance-exams\">Entrance Exams<\/a> <\/div>  <\/li>    <li class=\"hs-has-sub-menu navbar-nav-item\"> <a id=\"blogMegaMenu\" class=\"hs-mega-menu-invoker nav-link nav-link-toggle\" href=\"javascript:;\" aria-haspopup=\"true\" aria-expanded=\"false\" aria-labelledby=\"blogSubMenu\">Success Stories<\/a>  <div id=\"blogSubMenu\" class=\"hs-sub-menu dropdown-menu\" aria-labelledby=\"blogMegaMenu\" style=\"min-width: 230px;\"> <a class=\"dropdown-item\" href=\"\/success-story\/language-exam\">Language Exams for an Institute<\/a> <a class=\"dropdown-item\" href=\"\/success-story\/lms\">LMS for a Coaching Center<\/a> <a class=\"dropdown-item\" href=\"\/success-story\/final-semester-exam\">Final semeter exams for Univsersity<\/a> <a class=\"dropdown-item\" href=\"\/success-story\/term-exam\">Term exams for a School<\/a> <\/div>  <\/li>   <li class=\"navbar-nav-item mr-2\"> <a class=\"nav-link\" href=\"https:\/\/piofx.com\/features\">Features<\/a> <\/li>   <li class=\"navbar-nav-item mr-2\"> <a class=\"nav-link\" href=\"https:\/\/piofx.com\/pricing\">Pricing<\/a> <\/li>   <li class=\"navbar-nav-item ml-lg-3 mt-3 mt-lg-0 d-none d-lg-block\"> <a class=\"signup_btn\" href=\"https:\/\/piofx.com\/contact\">Talk to us<\/a> <\/li>  <\/ul> <\/div>  <\/nav>  <\/div> <\/div><\/header> <div class=\"bg-primary bg-img-hero\" style=\"background-image: url(https:\/\/firstacademy.s3.ap-south-1.amazonaws.com\/themes\/26\/file_abstract-shapes-5.svg);\"> <div class=\"container space-2 space-lg-3\"> <div class=\"w-lg-65 text-center mx-lg-auto\"> <span class=\"badge badge-soft-light badge-pill font-size-1 py-3 px-4 mb-3\">Customer success story<\/span> <h1 class=\"text-white mb-0\">Final Semester Exams<\/h1> <\/div> <\/div><\/div><div class=\"container\"><div class=\"py-4 pt-8\"> <h2 class=\"h3\">#One It's difficult to imagine life pre-Internet, before the web so closely threaded together individuals around the world.<\/h2> <p>It takes work to stand out from the pack\u2014work that Amazon is proud to make much easier. Founded in 2003, the company provides people with the tools and templates to build, host, and promote their online brand. Even Amazon is built on Amazon.<\/p> <p>\"The key thing we try to do every day is give people a place on the Internet to call home, to say, 'This is a place I manage, and this is how I want to present myself online to my customers,' or to anyone else they want to touch,\"\" explained Vice President of Customer Operations Raphael Front. <p>Naturally, Amazon wants its customers to feel at ease in their digital home and works hard behind the scenes to create a customer experience that is easy and intuitive, turning even the least Internet-savvy among us into designers of beautiful spaces. To cultivate a support atmosphere that's inviting, Amazon's customer service team has implemented a full suite of integrated support channels through Front Support, Guide, Chat, and Talk.<\/p> <div class=\"pt-4 pt-sm-7 pb-5 pb-sm-9\"> <img class=\"img-fluid rounded-lg w-100\" src=\"https:\/\/firstacademy.s3.ap-south-1.amazonaws.com\/themes\/26\/file_img13.jpeg\" alt=\"Image Description\"> <\/div> <p>Before switching to Front in 2015, Amazon used a few different platforms for support, but felt they needed a single omnichannel solution to provide a more fluid customer experience and to keep pace with the company's growth. Front' Customer Operations organization, comprised of 340 people in leadership, operations, product solutions, content and community, and quality assurance, also needed a more efficient way to manage email and help articles.<\/p> <p>\"I don't think there was even anyone else that we considered,\" he said. \"Front was like a no brainer\u2014instead, we spent our time thinking through our support configuration.\"<\/p> <p>Amazon's overall strategy focuses on three areas, Front explained, noting that what the team offers is, in fact, another Amazon product. \"It's not just that we have a help center or live chat,\" he said, \"but that we're offering coaching and mentorship and helping our customers to become brand advocates. We're here to help our customers succeed online, and that's something we hear back from our customers. They just love our support channels.\"<\/p> <div class=\"pt-4 pt-sm-7 pb-5 pb-sm-9\"> <img class=\"img-fluid rounded-lg w-100\" src=\"https:\/\/firstacademy.s3.ap-south-1.amazonaws.com\/themes\/26\/file_img12.jpeg\" alt=\"Image Description\"> <\/div> <p>That effort shows, as the team has created 900 help center articles and claims a 95 percent success rate through its investment in self-service, meaning that help center visitors are served without needing to switch to an assisted channel. The number of tickets not created, as a result, is significant, especially considering that Amazon's help center has bypassed 15.5 million visits and now averages two million visits each month. Front quantified a 27 percent increase in knowledge usage and noted that headcount on the Customer Operations team has remained relatively stable since the end of 2015 through mid-2018.<\/p> <\/div><\/div><footer class=\"footer-color text-white\">  <div class=\"container\"> <div class=\"space-2\"> <div class=\"row justify-content-md-between\"> <div class=\"col-lg-4 mb-4 mb-lg-0\"> <a class=\"d-inline-flex mb-4\" href=\"#\" aria-label=\"Front\"> <img class=\"brand\" src=\"https:\/\/firstacademy.s3.ap-south-1.amazonaws.com\/themes\/26\/file_piofx-white.png\" alt=\"Logo\"> <\/a> <p class=\"darkgreen\"><b class=\"lightgreen\">PiofX Media Private Limited<\/b><br> 2nd floor, Oyster Uptown Building, Beside Durgam Cheruvu Metro Station \ud83d\ude87,<br> Madhapur, Hyderabad, Telangana - 500081.<\/p> <div style=\"color:#7ba4ab\"> <span class=\"fas fa-phone-alt mt-1 mr-2\" ><\/span> <span style=\"color:#bde2e8\">+91 9515125110<\/span> <\/div> <span style=\"color:#7ba4ab\"> <span class=\"fas fa fa-envelope mt-1 mr-2 \" style=\"color:#7ba4ab\"><\/span> <span style=\"color:#bde2e8\"> nt@piofx.com<\/span> <\/span> <\/div> <div class=\"col-6 col-sm-4 col-lg-2 mb-4 mb-lg-0\"> <h5 class=\"text-white\">Company<\/h5>  <ul class=\"nav nav-sm nav-x-0 flex-column\" > <li class=\"nav-item mb-2\"><a class=\"lightgreen\" href=\"\/about\">About<\/a><\/li> <li class=\"nav-item mb-2\"><a class=\" lightgreen\" href=\"\/about#team\">Team<\/a><\/li> <li class=\"nav-item mb-2\"><a class=\"lightgreen\" href=\"\/about#testimonials\">Testimonials<\/a><\/li> <li class=\"nav-item mb-2\"><a class=\"lightgreen\" href=\"\/blog\">Blog<\/a><\/li> <li class=\"nav-item mb-2\"><a class=\"lightgreen\" href=\"\/contact\">Contact<\/a><\/li> <\/ul>  <\/div> <div class=\"col-6 col-sm-4 col-lg-2 mb-4 mb-lg-0\"> <h5 class=\"text-white\">Product<\/h5>  <ul class=\"nav nav-sm nav-x-0 flex-column\" > <li class=\"nav-item mb-2\"><a class=\"lightgreen\" href=\"\/features\">Features<\/a><\/li> <li class=\"nav-item mb-2\"><a class=\" lightgreen\" href=\"\/demo\">Demo Account<\/a><\/li> <li class=\"nav-item mb-2\"><a class=\"lightgreen\" href=\"\/pricing\">Pricing<\/a><\/li> <li class=\"nav-item mb-2\"><a class=\"lightgreen\" href=\"\/compare-plans\">Compare Plans<\/a><\/li> <\/ul>  <\/div> <div class=\"col-6 col-sm-4 col-lg-2 mb-4 mb-lg-0\"> <h5 class=\"text-white\">Assessments<\/h5>  <ul class=\"nav nav-sm nav-x-0 flex-column\"> <li class=\"nav-item mb-2\"><a class=\"lightgreen\" href=\"\/objective-test\">Objective Tests<\/a><\/li> <li class=\"nav-item mb-2\"><a class=\" lightgreen\" href=\"\/descriptive-test\">Descriptive Tests<\/a><\/li> <li class=\"nav-item mb-2\"><a class=\"lightgreen\" href=\"\/video-test\">Video Tests<\/a><\/li> <li class=\"nav-item mb-2\"><a class=\"lightgreen\" href=\"\/coding-test\">Coding Tests<\/a><\/li> <li class=\"nav-item mb-2\"><a class=\"lightgreen\" href=\"\/typing-test\">Typing Tests<\/a><\/li> <\/ul>  <\/div> <div class=\"col-6 col-sm-4 col-lg-2\"> <h5 class=\"text-white\">Resources<\/h5>  <ul class=\"nav nav-sm nav-x-0 flex-column\"> <li class=\"nav-item mb-2\"><a class=\"lightgreen\" href=\"\/page\/faq\">FAQ<\/a><\/li> <li class=\"nav-item mb-2\"><a class=\"lightgreen\" href=\"\/page\/security\">Security<\/a><\/li> <li class=\"nav-item mb-2\"><a class=\"lightgreen\" href=\"\/page\/privacy\">Privacy<\/a><\/li> <li class=\"nav-item mb-2\"><a class=\"lightgreen\" href=\"\/page\/terms\">Terms<\/a><\/li> <\/ul>  <\/div> <\/div> <\/div> <\/div> <\/footer> <footer class=\"footer-color\" id=\"contact\"> <div class=\"container\"> <div class=\"py-3\">  <div class=\"w-md-75 text-lg-center mx-lg-auto\"> <p class=\"text-white opacity-sm small\">\u00a9 Piofx Media. 2021 All rights reserved.<\/p> <p class=\"text-white opacity-sm small\">When you visit or interact with our sites, services or tools, we or our authorised service providers may use cookies for storing information to help provide you with a better, faster and safer experience and for marketing purposes.<\/p> <\/div>  <\/div> <\/div> <\/footer>  <script src=\"\/themes\/front\/vendor\/jquery\/dist\/jquery.min.js\"><\/script> <script src=\"\/themes\/front\/vendor\/jquery-migrate\/dist\/jquery-migrate.min.js\"><\/script> <script src=\"\/themes\/front\/vendor\/bootstrap\/dist\/js\/bootstrap.bundle.min.js\"><\/script>  <script src=\"\/themes\/front\/vendor\/hs-header\/dist\/hs-header.min.js\"><\/script> <script src=\"\/themes\/front\/vendor\/hs-go-to\/dist\/hs-go-to.min.js\"><\/script> <script src=\"\/themes\/front\/vendor\/hs-unfold\/dist\/hs-unfold.min.js\"><\/script> <script src=\"\/themes\/front\/vendor\/hs-mega-menu\/dist\/hs-mega-menu.min.js\"><\/script> <script src=\"\/themes\/front\/vendor\/slick-carousel\/slick\/slick.js\"><\/script> <script src=\"\/themes\/front\/vendor\/jquery-validation\/dist\/jquery.validate.min.js\"><\/script> <script src=\"\/themes\/front\/vendor\/aos\/dist\/aos.js\"><\/script>  <script src=\"\/themes\/front\/js\/hs.core.js\"><\/script> <script src=\"\/themes\/front\/js\/hs.slick-carousel.js\"><\/script> <script src=\"\/themes\/front\/js\/hs.validation.js\"><\/script> <script src=\"https:\/\/unpkg.com\/aos@2.3.1\/dist\/aos.js\"><\/script> <script> AOS.init(); <\/script>  <script> $(document).on(\"ready\", function () { var header = new HSHeader($(\"#header\")).init(); var megaMenu = new HSMegaMenu($(\".js-mega-menu\"), { desktop: { position: \"left\", }, }).init(); var unfold = new HSUnfold(\".js-hs-unfold-invoker\").init(); $(\".js-slick-carousel\").each(function () { var slickCarousel = $.HSCore.components.HSSlickCarousel.init($(this)); }); $(\".js-validate\").each(function () { var validation = $.HSCore.components.HSValidation.init($(this)); }); AOS.init({ duration: 650, once: true, }); $(\".js-go-to\").each(function () { var goTo = new HSGoTo($(this)).init(); }); }); <\/script><script src=\"https:\/\/firstacademy.s3.ap-south-1.amazonaws.com\/themes\/26\/file_hs-toggle-switch.min.js\"><\/script><script> $(document).ready(function(){ $('.js-toggle-switch').on('change',function() { if(this.checked) { $('.type').html('User <br> per Month'); $('.type_name').html('User '); $('#basic_price').html('30'); $('#essential_price').html('50'); $('#pro_price').html('85'); }else{ $('.type').html('Assessment'); $('.type_name').html('Assessment'); $('#basic_price').html('2'); $('#essential_price').html('8'); $('#pro_price').html('15'); } }); });<\/script><\/body><\/html>",
    "settings": "{\"title\":\"Final Semester Exams\"}",
    "admin": 0,
    "client_id": 14,
    "theme_id": 26,
    "agency_id": 1,
    "user_id": 53,
    "status": 1,
    "created_at": "2021-06-11T17:57:31.000000Z",
    "updated_at": "2021-06-12T13:20:37.000000Z"
}